Tanggal,NTU_Manggar,PH_Manggar,NTU_Teritip,PH_Teritip
2014-01-01,9.63,6.82,,
2014-01-02,8.04,6.04,,
2014-01-03,8,6.01,,
2014-01-04,7.74,6.16,,
2014-01-05,8.71,6.03,,
2014-01-06,8.8,6.19,,
2014-01-07,9.08,6.25,,
2014-01-08,19.3,5.92,,
2014-01-09,12.7,6.02,,
2014-01-10,14.2,6.09,,
2014-01-11,15.5,6.21,,
2014-01-12,15.2,6.19,,
2014-01-13,15.3,5.91,,
2014-01-14,16.9,5.89,,
2014-01-15,14.7,6.05,,
2014-01-16,13.5,6.12,,
2014-01-17,12.8,6.25,,
2014-01-18,13.7,6.35,,
2014-01-19,16.5,6.25,,
2014-01-20,12.8,5.96,,
2014-01-21,10.7,6.82,,
2014-01-22,14.2,6.53,,
2014-01-23,16.4,6.49,,
2014-01-24,11.6,6.31,,
2014-01-25,11.8,6.47,,
2014-01-26,11.3,6.54,,
2014-01-27,14.8,6.14,,
2014-01-28,11.6,6.18,,
2014-01-29,9.01,6.43,,
2014-01-30,9.09,6.42,,
2014-01-31,8.62,6.54,,
2014-02-01,8.07,6.45,,
2014-02-02,7.78,6.3,,
2014-02-03,6.21,6.67,,
2014-02-04,6.85,6.43,,
2014-02-05,7.81,6.44,,
2014-02-06,6.36,6.68,,
2014-02-07,5.74,6.43,,
2014-02-08,5.39,6.36,,
2014-02-09,6.07,6.22,,
2014-02-10,5.97,6.24,,
2014-02-11,6.25,6.39,,
2014-02-12,5.79,6.26,,
2014-02-13,6.37,6.4,,
2014-02-14,6.14,6.3,,
2014-02-15,6.66,6.38,,
2014-02-16,6.05,6.16,,
2014-02-17,4.96,6.55,,
2014-02-18,5.66,6.32,,
2014-02-19,5.07,6.21,,
2014-02-20,5.29,6.08,,
2014-02-21,6.58,6.31,,
2014-02-22,5.81,6.28,,
2014-02-23,5.16,6.25,,
2014-02-24,4.77,6.48,,
2014-02-25,4.52,6.4,,
2014-02-26,4.5,6.42,,
2014-02-27,5.31,6.66,,
2014-02-28,6.24,6.46,,
2014-03-01,6.3,6.52,,
2014-03-02,6.25,6.4,,
2014-03-03,5.02,6.55,,
2014-03-04,4.44,6.67,,
2014-03-05,4.83,6.61,,
2014-03-06,7.14,6.64,,
2014-03-07,9.14,6.7,,
2014-03-08,9.5,6.23,,
2014-03-09,11.2,6.77,,
2014-03-10,11.8,6.52,,
2014-03-11,11.9,5.98,,
2014-03-12,10.9,6.47,,
2014-03-13,9.25,6.37,,
2014-03-14,7.74,6.53,,
2014-03-15,7.62,6.51,,
2014-03-16,8.14,6.28,,
2014-03-17,7.23,6.52,,
2014-03-18,7.65,6.04,,
2014-03-19,8.13,5.79,,
2014-03-20,9.45,5.88,,
2014-03-21,8.82,6.12,,
2014-03-22,10.3,6.16,,
2014-03-23,9.89,5.99,,
2014-03-24,9.77,6.14,,
2014-03-25,15.6,6.03,,
2014-03-26,8.15,5.91,,
2014-03-27,19.6,5.91,,
2014-03-28,8.59,6.08,,
2014-03-29,8.39,6.1,,
2014-03-30,8.08,6.14,,
2014-03-31,9.32,6.32,,
2014-04-01,9.45,5.94,,
2014-04-02,11.3,5.92,,
2014-04-03,11.9,6.21,,
2014-04-04,13,6.09,,
2014-04-05,13.7,6.29,,
2014-04-06,12.5,6.35,,
2014-04-07,8.28,6.12,,
2014-04-08,9.26,6.33,,
2014-04-09,8.79,6.72,,
2014-04-10,11.1,6.2,,
2014-04-11,12.6,6.22,,
2014-04-12,11.8,6.28,,
2014-04-13,7.11,6.54,,
2014-04-14,7.84,6.56,,
2014-04-15,6.73,6.27,,
2014-04-16,7.53,6.32,,
2014-04-17,6.67,6.03,,
2014-04-18,6.35,6.12,,
2014-04-19,7.19,6.31,,
2014-04-20,5.3,6.21,,
2014-04-21,6.3,6.02,,
2014-04-22,5.47,6.82,,
2014-04-23,5.23,6.68,,
2014-04-24,6.96,6.51,,
2014-04-25,7.56,5.82,,
2014-04-26,7.82,6.4,,
2014-04-27,7.52,6.61,,
2014-04-28,7.78,6.42,,
2014-04-29,6.58,6.64,,
2014-04-30,13.9,6.23,,
2014-06-01,5.78,6.27,,
2014-06-02,6.27,6.44,,
2014-06-03,6.9,5.66,,
2014-06-04,5.77,6.3,,
2014-06-05,6.17,6.32,,
2014-06-06,5.2,6.18,,
2014-06-07,5.73,6.41,,
2014-06-08,5.41,6.52,,
2014-06-09,4.93,6.72,,
2014-06-10,5.19,6.7,,
2014-06-11,5.34,5.23,,
2014-06-12,5.87,5.55,,
2014-06-13,6.16,5.61,,
2014-06-14,7.18,6.32,,
2014-06-15,8.32,6.09,,
2014-06-16,9.17,5.63,,
2014-06-17,12,5.85,,
2014-06-18,7.89,5.7,,
2014-06-19,8.13,6.31,,
2014-06-20,10.3,6.11,,
2014-06-21,10.3,5.98,,
2014-06-22,9.2,5.96,,
2014-06-23,11,5.95,,
2014-06-30,11.1,6.19,,
2014-07-01,12.3,6.22,,
2014-07-02,11.6,6.41,,
2014-07-03,14.7,6.64,,
2014-07-04,11.1,6.3,,
2014-07-05,11.4,6.39,,
2014-07-06,13,6.31,,
2014-07-07,13.1,6.89,,
2014-07-08,11.4,7.01,,
2014-07-09,10.8,6.16,,
2014-07-10,10.1,5.63,,
2014-07-11,13.2,6.11,,
2014-07-12,11,5.91,,
2014-07-13,11.02,6.49,,
2014-07-14,12.5,5.87,,
2014-07-15,10.2,6.59,,
2014-07-16,11.5,6.17,,
2014-07-17,11.4,6.18,,
2014-07-18,11,6.21,,
2014-07-19,11.2,6.43,,
2014-07-20,9.99,6.66,,
2014-07-21,10.8,6.38,,
2014-07-22,10.9,6.27,,
2014-07-23,9.33,6.32,,
2014-07-24,9.13,6.08,,
2014-07-26,9.27,6.18,,
2014-07-27,9.5,6.31,,
2014-07-28,8.32,6.33,,
2014-07-29,9.07,6.34,,
2014-07-30,9.92,6.39,,
2014-07-31,9.4,6.69,,
2014-08-01,9.29,6.8,,
2014-08-02,11.6,6.38,,
2014-08-03,12.4,6.54,,
2014-08-04,11.3,6.3,,
2014-08-05,10.8,6.19,,
2014-08-06,10.4,6.72,,
2014-08-07,9.95,6.73,,
2014-08-08,10.3,6.78,,
2014-08-09,12.1,6.6,,
2014-08-10,13.5,6.52,,
2014-08-11,10.5,6.64,,
2014-08-12,11.3,6.18,,
2014-08-13,11,6.49,,
2014-08-14,11.7,6.38,,
2014-08-15,12.5,6.46,,
2014-08-16,12,6.41,,
2014-08-17,13.2,6.43,,
2014-08-18,12.6,6.64,,
2014-08-19,12.8,6.51,,
2014-08-20,14.3,6.81,,
2014-08-21,14.7,6.56,,
2014-08-22,14.6,6.46,,
2014-08-23,14.5,6.57,,
2014-08-24,15.8,6.61,,
2014-08-25,23.8,6.23,,
2014-08-26,20.4,6.27,,
2014-08-27,21,6.27,,
2014-08-28,18.6,6.55,,
2014-08-29,18.7,5.61,,
2014-08-30,19.3,6.12,,
2014-08-31,18.6,6.38,,
2014-09-02,18.1,6.27,,
2014-09-03,18.1,6.39,,
2014-09-04,18.3,6.13,,
2014-09-05,19.1,6.46,,
2014-09-06,19.3,6.45,,
2014-09-07,20.5,6.21,,
2014-09-08,19.5,6.19,,
2014-09-09,17.5,6.12,,
2014-09-10,17.1,6.08,,
2014-09-11,17.3,6.03,,
2014-09-12,17.9,6.29,,
2014-09-13,18,6.37,,
2014-09-14,18.7,6.26,,
2014-09-15,19.3,5.86,,
2014-09-16,18.5,6.03,,
2014-09-17,18.4,5.71,,
2014-09-18,18.4,6.13,,
2014-09-19,20.2,5.91,,
2014-09-20,20.2,6.04,,
2014-09-21,21,5.91,,
2014-09-22,31.4,5.87,,
2014-09-23,21.6,6.73,,
2014-09-24,21.6,6.29,,
2014-09-25,22.8,6.02,,
2014-09-26,21.8,6.3,,
2014-09-27,20.4,6.94,,
2014-09-28,21.8,5.72,,
2014-09-29,21,6.22,,
2014-09-30,26.8,6.4,,
2014-10-01,20.8,6.2,,
2014-10-02,20.5,6.18,,
2014-10-03,20,6.08,,
2014-10-04,21.4,6.29,,
2014-10-05,25.6,6.22,,
2014-10-06,23.1,7.06,,
2014-10-07,31.8,6.97,,
2014-10-08,25.1,6.17,,
2014-10-09,23.7,6.13,,
2014-10-10,25,6.16,,
2014-10-11,26.7,5.91,,
2014-10-12,25.2,6.46,,
2014-10-13,28,6.89,,
2014-10-14,29.4,6.06,,
2014-10-15,29.2,5.96,,
2014-10-16,29.8,5.98,,
2014-10-17,29.2,6.63,,
2014-10-18,30.9,6.33,,
2014-10-19,33.4,6.48,,
2014-10-20,33.3,5.96,,
2014-10-21,35.7,6.09,,
2014-10-22,39.7,6.12,,
2014-10-23,40.4,6.01,,
2014-10-24,59.4,5.93,,
2014-10-25,36.4,6.41,,
2014-10-26,35.3,6.25,,
2014-10-27,35.7,5.99,,
2014-10-28,37.3,6.19,,
2014-11-01,45.4,6.02,,
2014-11-02,44.4,6.01,,
2014-11-03,44.5,6.29,,
2014-11-04,52.3,7.07,,
2014-11-05,88.7,6.19,,
2014-11-06,60.1,6.14,,
2014-11-07,62.1,6.17,,
2014-11-08,83.1,5.8,,
2014-11-09,65.9,6.19,,
2014-11-10,106,6.05,,
2014-11-11,85.2,6.1,,
2014-11-12,58.2,6.11,,
2014-11-13,54.8,5.85,,
2014-11-14,61.8,5.95,,
2014-11-15,60.1,6.09,,
2014-11-16,70.4,5.89,,
2014-11-17,56.2,5.81,,
2014-11-18,53.8,6.18,,
2014-11-19,64.4,5.96,,
2014-11-20,62.5,6.03,,
2014-11-21,62.2,6.16,,
2014-11-22,56.1,6.31,,
2014-11-23,58.8,6.06,,
2014-11-24,61.2,6.25,,
2014-11-25,64.5,7.05,,
2014-11-26,66.7,6.54,,
2014-11-27,63.5,6.75,,
2014-11-28,68.3,6.8,,
2014-11-29,67.3,5.98,,
2014-11-30,66.3,6.76,,
2014-12-01,79,6.85,,
2014-12-02,95.6,6.77,,
2014-12-03,84,6.82,,
2014-12-04,84.6,5.32,,
2014-12-05,84.4,6.53,,
2014-12-06,87.8,6.36,,
2014-12-07,91.9,5.87,,
2014-12-08,85.8,5.61,,
2014-12-09,81,5.61,,
2014-12-10,79.7,6.21,,
2014-12-11,83.2,6.18,,
2014-12-12,89.6,6.29,,
2014-12-13,78.3,5.51,,
2014-12-14,78.6,5.59,,
2014-12-15,76.6,5.55,,
2014-12-16,78.3,6.31,,
2014-12-17,74.5,6.11,,
2014-12-18,79,6.5,,
2014-12-19,80.1,5.47,,
2014-12-20,83.7,5.43,,
2014-12-21,93.7,5.29,,
2014-12-22,84.8,6.38,,
2014-12-23,86.8,5.3,,
2014-12-24,90.3,5.22,,
2014-12-25,91.5,4.95,,
2014-12-26,84.3,4.84,,
2014-12-27,80.6,5.18,,
2014-12-28,81.7,5.82,,
2014-12-29,80.5,,,
2014-12-30,74.7,5.74,,
2014-12-31,73.4,5.11,,
2015-01-01,72.4,5.19,,
2015-01-02,68.6,5.8,,
2015-01-03,63.1,6.09,,
2015-01-04,61.7,6.13,,
2015-01-05,61.7,6,,
2015-01-06,61.1,5.25,,
2015-01-07,68.5,5.7,,
2015-01-08,67,5.55,,
2015-01-09,66.1,6.05,,
2015-01-10,66.3,5.97,,
2015-01-11,68.1,6.33,,
2015-01-12,67.9,6.39,,
2015-01-13,67.9,5.91,,
2015-01-14,65.3,6.09,,
2015-01-15,62.6,6.36,,
2015-01-16,63.7,6.32,,
2015-01-17,62.2,6.17,,
2015-01-18,58.4,6.25,,
2015-01-19,60.1,6,,
2015-01-20,61.6,5.79,,
2015-01-21,62,5.66,,
2015-01-22,62.2,6.04,,
2015-01-23,62.4,5.42,,
2015-01-24,66,5.36,,
2015-01-25,61.6,5.27,,
2015-01-26,62.4,5.9,,
2015-01-27,60.8,6.09,,
2015-01-28,59.9,6.17,,
2015-01-29,61.2,6.07,,
2015-01-30,62.6,5.37,,
2015-01-31,65,5.35,,
2015-02-01,69,5.24,,
2015-02-02,69,5.72,,
2015-02-03,80.2,5.81,,
2015-02-04,70.4,5.26,,
2015-02-05,74.8,4.96,,
2015-02-06,72.2,5.46,,
2015-02-07,83.4,5.66,,
2015-02-08,69.8,6.37,,
2015-02-09,67.9,5.92,,
2015-02-10,67.2,5.81,,
2015-02-11,63.6,6.17,,
2015-02-12,63.5,6.01,,
2015-02-13,63.6,5.47,,
2015-02-14,63.5,5.71,,
2015-02-15,63.5,6.21,,
2015-02-16,59.5,5.53,,
2015-02-17,58.7,5.79,,
2015-02-18,59.5,5.64,,
2015-02-19,58.4,5.23,,
2015-02-20,55.8,5.51,,
2015-02-21,57.9,5.23,,
2015-02-22,53.5,5.37,,
2015-02-23,52.9,5.65,,
2015-02-24,50.6,5.45,,
2015-02-25,52.3,5.66,,
2015-02-26,49.4,5.68,,
2015-02-27,46.2,5.81,,
2015-02-28,46.8,5.98,,
2015-03-01,48.6,5.89,,
2015-03-02,46.2,6,,
2015-03-03,45.8,5.79,,
2015-03-04,45.5,5.77,,
2015-03-05,42.4,5.76,,
2015-03-06,42.4,5.8,,
2015-03-07,40.6,5.82,,
2015-03-08,42.3,5.76,,
2015-03-09,40.3,5.85,,
2015-03-10,38.3,5.91,,
2015-03-11,37.8,5.92,,
2015-03-12,37.3,6,,
2015-03-13,48.3,5.73,,
2015-03-14,47.3,5.82,,
2015-03-15,41.3,5.82,,
2015-03-16,40.5,5.81,,
2015-03-17,38.3,5.89,,
2015-03-18,41.6,5.73,,
2015-03-19,33.6,5.97,,
2015-03-20,32.8,5.89,,
2015-03-21,33.7,5.7,,
2015-03-22,29.7,6,,
2015-03-23,33.7,5.93,,
2015-03-24,29.3,5.9,,
2015-03-25,30.1,5.77,,
2015-03-26,28.7,5.94,,
2015-03-27,27.6,5.81,,
2015-03-28,37.9,5.74,,
2015-03-29,36.3,5.66,,
2015-03-30,37.8,5.81,,
2015-03-31,35,5.94,,
2015-04-01,35.3,5.91,,
2015-04-02,32.8,6.1,,
2015-04-03,30.7,5.87,,
2015-04-04,28.3,6.21,,
2015-04-05,34.7,5.81,,
2015-04-06,27.8,6.1,,
2015-04-07,36.9,5.63,,
2015-04-08,31.2,5.95,,
2015-04-09,25.4,5.92,,
2015-04-10,28.5,5.93,,
2015-04-11,27.9,5.95,,
2015-04-12,33.1,5.98,,
2015-04-13,37,5.52,,
2015-04-14,27.8,5.52,,
2015-04-15,31.8,5.3,,
2015-04-16,32.2,5.85,,
2015-04-17,35.1,5.73,,
2015-04-18,43.3,5.81,,
2015-04-19,35.3,5.91,,
2015-04-20,28.9,5.84,,
2015-04-21,30.4,5.78,,
2015-04-22,39.9,5.81,,
2015-04-23,43.4,5.64,,
2015-04-24,43,5.7,,
2015-04-25,32.8,6.09,,
2015-04-26,33.6,5.64,,
2015-04-27,32,5.93,,
2015-04-28,30.5,5.96,,
2015-04-29,37.8,5.91,,
2015-04-30,40.5,5.67,,
2015-05-01,44.8,5.88,,
2015-05-02,37.2,5.92,,
2015-05-03,31.5,5.79,,
2015-05-04,34.3,5.55,,
2015-05-05,38.8,5.57,,
2015-05-06,43.1,5.6,,
2015-05-07,35.7,5.7,,
2015-05-08,31.6,5.45,,
2015-05-09,30.6,5.93,,
2015-05-10,28.3,5.78,,
2015-05-11,26.8,5.98,,
2015-05-12,26.9,5.61,,
2015-05-13,20.8,6.17,,
2015-05-14,22.3,5.78,,
2015-05-15,27.8,5.48,,
2015-05-16,27.4,5.65,,
2015-05-17,25.5,5.7,,
2015-05-18,21.7,5.8,,
2015-05-19,20.4,5.81,,
2015-05-20,18.9,5.78,,
2015-05-21,18.3,5.78,,
2015-05-22,16.8,6.01,,
2015-05-23,17.6,6.1,,
2015-05-24,16,5.94,,
2015-05-25,16.3,5.99,,
2015-05-26,14.8,5.69,,
2015-05-27,14.9,5.45,,
2015-05-28,14.4,5.63,,
2015-05-29,12.6,5.8,,
2015-05-30,11.9,5.77,,
2015-05-31,11.1,6.2,,
2015-06-01,11.8,5.83,,
2015-06-02,11.7,5.66,,
2015-06-03,11.8,5.7,,
2015-06-04,13.1,5.73,,
2015-06-05,14.3,5.72,,
2015-06-06,16.7,5.73,,
2015-06-07,12.5,5.81,,
2015-06-08,13.4,5.64,,
2015-06-09,16.3,5.68,,
2015-06-10,22.3,5.67,,
2015-06-11,16.2,5.63,,
2015-06-12,18.4,5.57,,
2015-06-13,14.6,5.86,,
2015-06-14,15.6,5.66,,
2015-06-15,15.7,5.63,,
2015-06-16,19.6,5.66,,
2015-06-17,21.7,5.73,,
2015-06-18,22.6,5.67,,
2015-06-19,31.7,5.64,,
2015-06-20,27.3,5.45,,
2015-06-21,21,5.62,,
2015-06-22,19.4,5.51,,
2015-06-23,20.8,5.69,,
2015-06-24,19.3,5.69,,
2015-06-25,15,5.94,,
2015-07-02,14.2,5.53,,
2015-07-03,14.6,5.8,,
2015-07-04,13.7,5.81,,
2015-07-05,13.2,5.73,,
2015-07-06,12.4,5.94,,
2015-07-07,11.9,5.91,,
2015-07-08,11.4,5.92,,
2015-07-09,11.5,5.88,,
2015-07-10,11.3,5.71,,
2015-07-11,11.1,5.86,,
2015-07-12,9.74,5.98,,
2015-07-13,8.89,6.08,,
2015-07-14,9.28,5.66,,
2015-07-15,8.24,5.76,,
2015-07-16,8.38,5.73,,
2015-07-17,8.55,5.88,,
2015-07-18,8.45,5.61,,
2015-07-19,9.12,5.71,,
2015-07-20,8.5,5.74,,
2015-07-21,8.12,5.74,,
2015-07-22,8.8,5.82,,
2015-07-23,8.24,5.84,,
2015-07-24,8.31,5.78,,
2015-07-25,7.08,6.05,,
2015-07-26,7.34,5.68,,
2015-07-27,7.38,5.6,,
2015-07-28,7.83,5.66,,
2015-07-29,7.53,5.62,,
2015-07-30,7.34,5.72,,
2015-07-31,8.78,5.67,,
2015-08-01,9.28,5.88,,
2015-08-02,9.38,5.6,,
2015-08-03,9.72,5.6,,
2015-08-04,9.59,5.73,,
2015-08-05,10.5,5.89,,
2015-08-06,9.7,5.92,,
2015-08-07,9.69,5.64,,
2015-08-08,9.55,5.68,,
2015-08-09,9.05,5.81,,
2015-08-10,9.31,5.69,,
2015-08-11,8.45,5.68,,
2015-08-12,8.56,5.61,,
2015-08-13,8.73,5.76,,
2015-08-14,7.84,5.82,,
2015-08-15,7.38,5.86,,
2015-08-16,7.21,5.9,,
2015-08-17,7.34,5.82,,
2015-08-18,8.08,5.85,,
2015-08-19,8.76,5.65,,
2015-08-20,9.32,5.54,,
2015-08-21,8.87,5.63,,
2015-08-22,8.91,5.67,,
2015-08-23,9.51,5.73,,
2015-08-24,8.92,5.8,,
2015-08-25,8.57,5.69,,
2015-08-26,8.25,5.88,,
2015-08-27,8.71,6,,
2015-08-28,8.04,5.84,,
2015-08-29,8.46,5.96,,
2015-08-30,8.26,5.98,,
2015-08-31,8.61,5.63,,
2015-09-01,8.59,5.64,,
2015-09-02,8.48,5.62,,
2015-09-03,8.44,5.97,,
2015-09-04,8.81,5.39,,
2015-09-05,8.87,5.52,,
2015-09-06,8.94,5.58,,
2015-09-07,8.63,5.78,,
2015-09-08,10,5.74,,
2015-09-09,9.58,5.93,,
2015-09-10,9.38,5.85,,
2015-09-11,9.08,5.94,,
2015-09-12,8.93,5.57,,
2015-09-13,8.96,5.4,,
2015-09-14,9.4,5.53,,
2015-09-15,9.38,5.56,,
2015-09-16,9.94,5.61,,
2015-09-17,10.7,5.74,,
2015-09-18,9.78,5.68,,
2015-09-19,10.5,5.61,,
2015-09-20,11.6,5.74,,
2015-09-21,10.7,5.71,,
2015-09-22,10.3,5.27,,
2015-09-23,10.6,5.67,,
2015-09-24,10.1,5.18,,
2015-09-25,10.9,5.18,,
2015-09-26,10.8,5.2,,
2015-09-27,11.7,5.38,,
2015-09-28,11,5.5,,
2015-09-29,10.4,5.46,,
2015-09-30,11.5,6.54,,
2015-10-01,10.8,5.48,,
2015-10-02,10.7,5.51,,
2015-10-03,10.1,5.72,,
2015-10-04,10.3,5.83,,
2015-10-05,9.45,5.86,,
2015-10-06,9.98,5.5,,
2015-10-07,10.2,5.27,,
2015-10-08,10.7,5.75,,
2015-10-09,10.8,5.23,,
2015-10-10,10.6,5.43,,
2015-10-11,10.2,5.41,,
2015-10-12,10.3,5.47,,
2015-10-13,9.71,6.05,,
2015-10-14,10.1,5.3,,
2015-10-15,9.75,5.78,,
2015-10-16,9.33,5.48,,
2015-10-17,9.25,5.66,,
2015-10-18,9.62,5.26,,
2015-10-19,9.8,5.36,,
2015-10-20,10.5,5.4,,
2015-10-21,11.2,5.5,,
2015-10-22,11.5,5.57,,
2015-10-23,10.6,5.55,,
2015-10-24,10.5,5.51,,
2015-10-25,11.2,5.55,,
2015-10-26,13.7,5.26,,
2015-10-27,11.8,5.49,,
2015-10-28,13,5.2,,
2015-10-29,15.2,5.57,,
2015-10-30,15.4,5.23,,
2015-10-31,15.4,5.13,,
2015-11-01,13.7,5.31,,
2015-11-02,14,5.14,,
2015-11-03,12.5,5.06,,
2015-11-04,11.6,5.22,,
2015-11-05,10.1,5.12,,
2015-11-06,10.1,5.2,,
2015-11-07,11.1,5.21,,
2015-11-08,10.5,5.51,,
2015-11-09,9.79,5.55,,
2015-11-10,10.3,5.55,,
2015-11-11,9.25,5.3,,
2015-11-12,10.6,5.27,,
2015-11-13,10.6,5.29,,
2015-11-14,11.6,5.26,,
2015-11-15,11.4,5.51,,
2015-11-16,9.82,5.23,,
2015-11-17,10.1,5.63,,
2015-11-18,11,5.73,,
2015-11-19,10.8,5.48,,
2015-11-20,12.6,5.47,,
2015-11-21,11.5,5.78,,
2015-11-22,11.8,5.44,,
2015-11-23,11.3,5.28,,
2015-11-24,10.9,5.4,,
2015-11-25,12,5.4,,
2015-11-26,11.4,5.61,,
2015-11-27,13,5.29,,
2015-11-28,13.3,5.41,,
2015-11-29,11.3,5.49,,
2015-12-01,11.5,5.64,,
2015-12-02,11.8,5.5,,
2015-12-03,12.7,5.64,,
2015-12-04,13.6,5.99,,
2015-12-05,13.5,5.41,,
2015-12-06,12.6,5.4,,
2015-12-07,11.6,5.45,,
2015-12-08,13.1,5.52,,
2015-12-09,12.3,5.49,,
2015-12-10,11.1,5.73,,
2015-12-11,18.3,5.6,,
2015-12-12,19.3,5.51,,
2015-12-13,15.6,5.47,,
2015-12-14,16.7,5.62,,
2015-12-15,16.3,5.86,,
2015-12-16,13.6,5.55,,
2015-12-17,12.5,5.29,,
2015-12-18,13,5.22,,
2015-12-19,13.3,5.44,,
2015-12-20,12.6,5.38,,
2015-12-21,11.7,5.54,,
2015-12-22,10.6,5.57,,
2015-12-23,12.8,5.72,,
2015-12-24,13.7,5.57,,
2015-12-25,13.8,5.46,,
2015-12-26,13.5,5.51,,
2015-12-27,13.5,5.85,,
2015-12-28,15,5.66,,
2015-12-29,15.1,5.11,,
2015-12-30,13.2,5.58,,
2015-12-31,13.7,5.76,,
2016-01-01,13.9,5.52,,
2016-01-02,14.3,5.57,,
2016-01-03,14.2,5.75,,
2016-01-04,16,5.69,,
2016-01-05,14.8,5.61,,
2016-01-06,25.1,5.84,,
2016-01-07,37.4,5.49,,
2016-01-08,22,5.67,,
2016-01-09,14.7,5.55,,
2016-01-10,15.9,5.59,,
2016-01-11,15.8,5.44,,
2016-01-12,15.8,5.47,,
2016-01-13,17.3,5.65,,
2016-01-14,15.5,5.61,,
2016-01-15,42.9,5.3,,
2016-01-16,51.3,5.27,,
2016-01-17,21.6,5.34,,
2016-01-18,51.3,5.29,,
2016-01-19,70.3,5.21,,
2016-01-20,40.1,5.28,,
2016-01-21,44.1,5.25,,
2016-01-22,33.6,5.32,,
2016-01-23,28,5.19,,
2016-01-24,23.2,5.52,,
2016-01-25,26.9,5.44,,
2016-01-26,24.8,5.43,,
2016-01-27,33.8,5.36,,
2016-01-28,26.5,5.57,,
2016-01-29,27.9,5.55,,
2016-01-30,23.5,5.37,,
2016-01-31,29,5.35,,
2016-03-01,28.2,4.69,,
2016-03-02,29.1,4.89,,
2016-03-03,28.7,4.77,,
2016-03-04,27.1,4.91,,
2016-03-05,23.7,5,,
2016-03-06,23.3,5.1,,
2016-03-07,23.3,5.09,,
2016-03-08,23.5,5.04,,
2016-03-09,26.1,5.17,,
2016-03-10,25.6,4.95,,
2016-03-11,27,5.01,,
2016-03-12,26.6,5.13,,
2016-03-13,35.7,5.07,,
2016-03-14,28.3,5.18,,
2016-03-15,30,5.11,,
2016-03-16,30.4,5.38,,
2016-03-17,29.1,5.28,,
2016-03-18,32.6,5.44,,
2016-03-19,27.4,4.88,,
2016-03-20,43.6,5.09,,
2016-03-21,35.8,5.2,,
2016-03-22,33.3,5.11,,
2016-03-23,33.8,5.17,,
2016-03-24,41.7,5.11,,
2016-03-25,35.2,5.23,,
2016-03-26,38.8,5.37,,
2016-03-27,39,5.2,,
2016-03-28,38.4,5.28,,
2016-03-29,39.5,5.42,,
2016-03-30,38.2,5.41,,
2016-03-31,64.1,5.16,,
2016-04-01,54.3,5.26,,
2016-04-02,64.6,5.03,,
2016-04-03,57.8,5.06,,
2016-04-04,63.9,4.92,,
2016-04-05,56.5,4.92,,
2016-04-06,58.3,4.92,,
2016-04-07,54.4,5.12,,
2016-04-08,53.3,5.26,,
2016-04-09,52.1,5.2,,
2016-04-10,55.4,5.22,,
2016-04-11,56.3,5.48,,
2016-04-12,58.7,5.21,,
2016-04-13,54,5.49,,
2016-04-14,53.5,5.37,,
2016-04-15,56.7,5.52,,
2016-04-16,55.4,5.5,,
2016-04-17,56.88,5.68,,
2016-04-18,52.9,5.8,,
2016-04-19,53.3,5.63,,
2016-04-20,52.3,6.01,,
2016-04-21,50.4,6.29,,
2016-04-22,49.5,5.97,,
2016-04-23,50.5,6.08,,
2016-04-24,51.7,6.05,,
2016-04-25,52.5,5.95,,
2016-04-26,52.5,5.9,,
2016-04-27,52.5,5.9,,
2016-04-28,55.3,5.82,,
2016-04-29,55.8,6.11,,
2016-04-30,67.2,6.2,,
2016-05-01,56.5,6.18,,
2016-05-02,55,6.19,,
2016-05-03,55.2,5.92,,
2016-05-04,54.7,5.98,,
2016-05-05,60.5,6.22,,
2016-05-06,64.3,5.94,,
2016-05-07,62.5,6.1,,
2016-05-08,62,6.19,,
2016-05-09,63.8,5.89,,
2016-05-10,64.8,5.53,,
2016-05-11,62.2,5.79,,
2016-05-12,58.8,6,,
2016-05-13,57.9,6.01,,
2016-05-14,55.4,6.09,,
2016-05-15,54.3,5.91,,
2016-05-16,54.3,5.81,,
2016-05-17,84.7,5.91,,
2016-05-18,56.1,5.92,,
2016-05-19,51.9,5.84,,
2016-05-20,49.2,5.98,,
2016-05-21,50.4,5.76,,
2016-05-22,47.2,5.93,,
2016-05-23,44.9,5.58,,
2016-05-24,47.3,5.84,,
2016-05-25,45.9,6,,
2016-05-26,51.6,5.95,,
2016-05-27,40.2,6.3,,
2016-05-28,43.1,6.11,,
2016-05-29,45.1,6.12,,
2016-05-30,43.9,5.89,,
2016-05-31,42.4,6.17,,
2016-06-01,39.4,6.15,,
2016-06-02,38.3,5.94,,
2016-06-03,37.5,6.19,,
2016-06-04,34.6,6.19,,
2016-06-05,33,6.26,,
2016-06-06,30.5,6.12,,
2016-06-07,31.7,6.3,,
2016-06-08,30.3,6.38,,
2016-06-09,28.7,6.4,,
2016-06-10,27.1,6.41,,
2016-06-11,30.3,6.23,,
2016-06-12,25.9,6.39,,
2016-06-13,29.9,6.23,,
2016-06-14,25.7,6.33,,
2016-06-15,26.1,5.96,,
2016-06-16,25.5,6.28,,
2016-06-17,23.9,6.25,,
2016-06-18,23.3,6.37,,
2016-06-19,22.8,5.92,,
2016-06-20,23.6,5.91,,
2016-06-21,22.8,6.02,,
2016-06-22,23.7,6.02,,
2016-06-23,21.9,6.13,,
2016-06-24,23.2,6.19,,
2016-06-25,19.9,6.35,,
2016-06-26,20.8,6.7,,
2016-06-27,20.2,6.26,,
2016-06-28,23.9,6.41,,
2016-06-29,21.9,6.04,,
2016-06-30,28.9,5.98,,
2016-07-01,25.1,6.86,,
2016-07-02,31.4,6.08,,
2016-07-03,27.3,6.81,,
2016-07-04,29.4,6.41,,
2016-07-05,29.8,6.05,,
2016-07-06,30.5,6.27,,
2016-07-07,29.5,6.14,,
2016-07-08,26.3,6.37,,
2016-07-09,25.8,6.31,,
2016-07-10,23.7,6.27,,
2016-07-11,22.3,6.35,,
2016-07-12,21.6,6.6,,
2016-07-13,23.5,6.4,,
2016-07-14,21,7.2,,
2016-07-15,20.7,7,,
2016-07-16,22.6,7.14,,
2016-07-17,19.3,6.57,,
2016-07-18,25.2,6.5,,
2016-07-19,18.1,6.43,,
2016-07-20,17.2,6.43,,
2016-07-21,15.9,6.42,,
2016-07-22,26.6,6.5,,
2016-07-23,33.6,6.41,,
2016-07-24,52.6,6.53,,
2016-07-25,57,6.48,,
2016-07-26,69.3,6.49,,
2016-07-27,72.6,6.073,,
2016-07-28,73.5,6.28,,
2016-07-29,74.8,6.44,,
2016-07-30,72.5,6.36,,
2016-07-31,73.4,6.21,,
2016-08-01,73.3,6.09,,
2016-08-02,70.6,5.98,,
2016-08-03,66.6,6.14,,
2016-08-04,66.3,6.25,,
2016-08-05,61.8,6.18,,
2016-08-06,61.2,6.17,,
2016-08-07,62.4,6.21,,
2016-08-08,56.5,6.22,,
2016-08-09,56.3,6.21,,
2016-08-10,51.8,6.18,,
2016-08-11,49.4,6.26,,
2016-08-12,49.2,5.98,,
2016-08-13,47.7,6.21,,
2016-08-14,46.8,6.13,,
2016-08-15,45.6,6.19,,
2016-08-16,45.7,6.41,,
2016-08-17,42.9,6.3,,
2016-08-18,42.1,6.34,,
2016-08-19,43.1,6.18,,
2016-08-20,43.5,6.24,,
2016-08-21,37.1,6.35,,
2016-08-22,37.5,6.21,,
2016-08-23,35.1,6.23,,
2016-08-24,34.5,6.29,,
2016-08-25,33.8,6.21,,
2016-08-26,32.4,6.37,,
2016-08-27,30.4,6.37,,
2016-08-28,30.2,6.43,,
2016-08-29,27.6,6.5,,
2016-08-30,28.4,6.36,,
2016-08-31,27.01,6.21,,
2016-09-01,56.5,6.09,,
2016-09-02,55,5.98,,
2016-09-03,55.2,6.14,,
2016-09-04,54.7,6.25,,
2016-09-05,60.5,6.18,,
2016-09-06,64.3,6.17,,
2016-09-07,62.5,6.21,,
2016-09-08,62,6.22,,
2016-09-09,63.8,6.21,,
2016-09-10,64.8,6.18,,
2016-09-11,62.2,6.26,,
2016-09-12,58.8,5.98,,
2016-09-13,57.9,6.21,,
2016-09-14,55.4,6.13,,
2016-09-15,54.3,6.19,,
2016-09-16,54.3,6.41,,
2016-09-17,84.7,6.3,,
2016-09-18,56.1,6.34,,
2016-09-19,51.9,6.18,,
2016-09-20,49.2,6.24,,
2016-09-21,50.4,6.35,,
2016-09-22,47.2,6.21,,
2016-09-23,44.9,6.23,,
2016-09-24,47.3,6.29,,
2016-09-25,45.9,6.21,,
2016-09-26,51.6,6.37,,
2016-09-27,40.2,6.37,,
2016-09-28,43.1,6.43,,
2016-09-29,45.1,6.5,,
2016-09-30,43.9,6.36,,
2016-10-01,11.4,6.98,,
2016-10-02,11.8,6.78,,
2016-10-03,10,6.97,,
2016-10-04,13.1,6.64,,
2016-10-05,9.8,6.92,,
2016-10-06,9.56,7.15,,
2016-10-07,9.71,7.21,,
2016-10-08,9.93,6.78,,
2016-10-09,8.17,6.82,,
2016-10-10,8.42,6.71,,
2016-10-11,8.17,6.85,,
2016-10-12,7.51,6.97,,
2016-10-13,9.5,6.29,,
2016-10-14,8.38,6.71,,
2016-10-15,8.12,6.76,,
2016-10-16,8.06,6.78,,
2016-10-17,7.88,6.82,,
2016-10-18,7.55,6.88,,
2016-10-19,8.73,6.71,,
2016-10-20,10.3,6.36,,
2016-10-21,11.5,6.47,,
2016-10-22,13,6.22,,
2016-10-23,10.5,5.66,,
2016-10-24,11.3,6.31,,
2016-10-25,9.92,6.38,,
2016-10-26,10.1,6.59,,
2016-10-27,9.88,6.96,,
2016-10-28,11.6,6.92,,
2016-10-29,8.27,6.83,,
2016-10-30,9.21,6.88,,
2016-10-31,9.2,6.87,,
2016-11-02,19.9,6.72,,
2016-11-03,37.3,6.39,,
2016-11-04,18.8,6.54,,
2016-11-05,32.2,6.4,,
2016-11-06,12.8,6.58,,
2016-11-07,12.6,6.77,,
2016-11-08,28.4,6.32,,
2016-11-09,25.8,6.19,,
2016-11-10,18.6,6.64,,
2016-11-11,33.5,6.11,,
2016-11-12,33.6,6,,
2016-11-13,25.5,5.93,,
2016-11-14,25.5,6.04,,
2016-11-15,29.7,6.15,,
2016-11-16,31.4,5.83,,
2016-11-17,25.4,6,,
2016-11-18,14.1,6.42,,
2016-11-19,15.3,6.37,,
2016-11-21,11.2,6.82,,
2016-11-22,11.6,6.27,,
2016-11-23,13.5,6.1,,
2016-11-24,10.2,6.38,,
2016-11-25,10.5,6.41,,
2016-11-26,10.4,6.33,,
2016-11-27,8.2,6.07,,
2016-11-28,8.12,6.55,,
2016-11-29,9.7,6.25,,
2016-12-01,7.18,6.52,,
2016-12-02,7.22,6.45,,
2016-12-03,7.33,6.38,,
2016-12-04,7.27,5.89,,
2016-12-05,11.7,6.12,,
2016-12-06,9.12,6.11,,
2016-12-07,12.1,6.2,,
2016-12-08,9.88,6.18,,
2016-12-09,8.37,6.24,,
2016-12-10,7.03,6.3,,
2016-12-11,7.89,6.01,,
2016-12-12,7.66,6.13,,
2016-12-13,16.2,5.76,,
2016-12-14,9.62,5.87,,
2016-12-15,21.4,5.81,,
2016-12-16,19.3,5.63,,
2016-12-17,27.8,5.67,,
2016-12-18,19.8,5.85,,
2016-12-19,20.1,5.83,,
2016-12-20,25.2,5.85,,
2016-12-21,22.54,6.02,,
2016-12-22,18.7,6.05,,
2016-12-23,19,6.02,,
2016-12-24,21.1,6.16,,
2016-12-25,16.8,6.27,,
2016-12-26,16.6,6.29,,
2016-12-27,14.1,6.1,,
2016-12-28,18.23,6.2,,
2016-12-29,21.98,6.15,,
2016-12-30,23.56,6.11,,
2016-12-31,27.1,6,,
2017-01-01,27,5.95,,
2017-01-02,27.4,5.98,,
2017-01-03,25.7,6.02,,
2017-01-04,22.5,6.05,,
2017-01-05,35.9,5.88,,
2017-01-06,41.5,5.98,,
2017-01-07,44.4,5.94,,
2017-01-08,34.7,6.04,,
2017-01-09,44.2,6.04,,
2017-01-10,47.7,5.9,,
2017-01-11,41.1,5.89,,
2017-01-12,41.2,6.08,,
2017-01-13,30.2,6.07,,
2017-01-14,32.2,6.04,,
2017-01-15,42.6,6.01,,
2017-01-16,33.2,5.92,,
2017-01-17,26.4,6.14,,
2017-01-18,33.4,5.98,,
2017-01-19,36.6,6.26,,
2017-01-20,37.8,6.24,,
2017-01-21,38.5,5.99,,
2017-01-22,38.1,6.05,,
2017-01-23,35.4,6.1,,
2017-01-24,36.1,6.28,,
2017-01-25,36.7,6.2,,
2017-01-26,45.8,6,,
2017-01-27,43.1,6.05,,
2017-01-28,52.6,6.09,,
2017-01-29,65.8,5.93,,
2017-01-30,65.1,5.86,,
2017-01-31,46.5,6.15,,
2017-02-01,43.3,6,,
2017-02-02,41.21,6.15,,
2017-02-03,35.6,6.21,,
2017-02-04,35.7,6.21,,
2017-02-05,34.2,6.27,,
2017-02-06,33.5,6.13,,
2017-02-07,34,6.32,,
2017-02-08,33,6.28,,
2017-02-09,30.17,6.34,,
2017-02-10,24.4,6.4,,
2017-02-11,28.1,6.48,,
2017-02-12,25.1,6.25,,
2017-02-13,22,6.41,,
2017-02-14,26.2,6.29,,
2017-02-15,25,6.21,,
2017-02-16,24.66,6.14,,
2017-02-17,23.9,6.14,,
2017-02-18,20.4,6.28,,
2017-02-19,19.2,6.32,,
2017-02-20,21.5,6.46,,
2017-02-21,26.8,5.98,,
2017-02-22,29.4,5.86,,
2017-02-23,31.7,6.03,,
2017-02-24,29,5.94,,
2017-02-25,39.1,5.9,,
2017-02-26,30.6,6.05,,
2017-02-27,32.3,5.99,,
2017-02-28,35.6,5.88,,
2017-03-01,28.9,6,,
2017-03-02,35.3,6.15,,
2017-03-03,33.4,6.21,,
2017-03-04,34,5.96,,
2017-03-05,20.6,5.87,,
2017-03-06,19.9,5.97,,
2017-03-07,19.6,6,,
2017-03-08,17.2,6.14,,
2017-03-09,13.2,6.19,,
2017-03-10,19.6,6.01,,
2017-03-11,20.1,6.07,,
2017-03-12,16,6.25,,
2017-03-13,18.4,6.1,,
2017-03-14,18.5,5.97,,
2017-03-15,18.7,6.14,,
2017-03-16,14.1,6.17,,
2017-03-17,15,6.1,,
2017-03-18,12.65,6.04,,
2017-03-19,9.92,6.08,,
2017-03-20,9.92,6.08,,
2017-03-21,9.96,6.14,,
2017-03-22,14,6.19,,
2017-03-23,12.8,6.09,,
2017-03-24,10.4,6.03,,
2017-03-25,9.21,6.1,,
2017-03-26,9.08,6.26,,
2017-03-27,10.8,6.1,,
2017-03-28,11.2,6,,
2017-03-29,8.57,6.3,,
2017-03-30,8.81,6.18,,
2017-03-31,8.89,6.05,,
2017-04-01,8.64,6.15,,
2017-04-02,7.77,6.05,,
2017-04-03,7.01,6.15,,
2017-04-04,8.56,6.08,,
2017-04-05,7.4,6.21,,
2017-04-06,7.45,6.05,,
2017-04-07,11.2,6.2,,
2017-04-08,7.2,6.32,,
2017-04-09,6.92,6.25,,
2017-04-10,6.96,6.19,,
2017-04-11,14.4,6.09,,
2017-04-12,16.7,6.08,,
2017-04-13,14.6,6.17,,
2017-04-14,22.2,6.04,,
2017-04-15,14.2,6.29,,
2017-04-16,12.54,6.3,,
2017-04-17,11.4,6.45,,
2017-04-18,15.21,6.15,,
2017-04-19,17.2,6.2,,
2017-04-20,15.5,6.17,,
2017-04-21,19.9,5.99,,
2017-04-22,19.8,6.08,,
2017-04-23,12.1,6.15,,
2017-04-24,10.2,6.33,,
2017-04-25,9.77,6.48,,
2017-04-26,18.8,6.1,,
2017-04-27,17.4,6.2,,
2017-04-28,10.9,6.3,,
2017-04-29,11,6.31,,
2017-04-30,9.8,6.29,,
2017-05-01,13.5,6.15,,
2017-05-02,8.02,6.4,,
2017-05-03,18.9,6.18,,
2017-05-04,25.6,6.13,,
2017-05-05,36.5,5.91,,
2017-05-06,22,6.13,,
2017-05-07,16.9,6.23,,
2017-05-08,28,6.1,,
2017-05-09,36.9,6.1,,
2017-05-10,26.5,6.08,,
2017-05-11,33.3,6.12,,
2017-05-12,24.9,6.25,,
2017-05-13,30.2,6.18,,
2017-05-14,34,6.17,,
2017-05-15,17.2,6.15,,
2017-05-16,16.8,6.39,,
2017-05-17,29.2,6.03,,
2017-05-18,19.8,6.15,,
2017-05-19,22.9,6.19,,
2017-05-20,25.5,6.14,,
2017-05-21,16.4,6.34,,
2017-05-22,17.3,6.3,,
2017-05-23,16.2,6.2,,
2017-05-24,16.3,6.35,,
2017-05-25,14.8,6.46,,
2017-05-26,13.2,6.4,,
2017-05-27,12,6.32,,
2017-05-28,19.6,6.23,,
2017-05-29,15.1,6.22,,
2017-05-30,21.5,6.03,,
2017-05-31,18.1,6.25,,
2017-06-01,13.1,6.27,,
2017-06-02,15.54,6.4,,
2017-06-03,20.4,6.11,,
2017-06-04,18.6,6.2,,
2017-06-05,17.5,6.19,,
2017-06-06,24.4,6.02,,
2017-06-07,19.2,6.1,,
2017-06-08,18.2,6.23,,
2017-06-09,29.2,6.13,,
2017-06-10,15.3,6.2,,
2017-06-11,15.3,6.11,,
2017-06-12,12.4,6.37,,
2017-06-13,17.2,6.15,,
2017-06-14,31.5,6.06,,
2017-06-15,20.3,6.16,,
2017-06-16,19.8,6.11,,
2017-06-17,16.8,6.18,,
2017-06-18,18.2,6.22,,
2017-06-19,19.3,6.28,,
2017-06-20,20,6.24,,
2017-06-21,18.7,6.08,,
2017-06-22,23.3,5.98,,
2017-06-23,20.6,6.03,,
2017-06-24,21.8,6.17,,
2017-06-25,29.3,6.12,,
2017-06-26,13.9,6.26,,
2017-06-27,8.9,6.5,,
2017-06-28,8.82,6.66,,
2017-06-29,7.7,6.5,,
2017-06-30,8.5,6.42,,
2017-07-01,8.1,6.45,,
2017-07-02,6.78,6.42,,
2017-07-03,7.22,6.39,,
2017-07-04,9.46,6.12,,
2017-07-05,11.25,6.12,,
2017-07-06,8.79,6.24,,
2017-07-07,9.75,6.15,,
2017-07-08,13.1,6.1,,
2017-07-09,9.51,6.14,,
2017-07-10,11.5,6.12,,
2017-07-11,11,6.05,,
2017-07-12,10.9,6,,
2017-07-13,10.25,6.02,,
2017-07-14,9.72,6.13,,
2017-07-15,9.81,5.95,,
2017-07-16,7.55,6.21,,
2017-07-17,7.49,6.14,,
2017-07-18,9.45,6.18,,
2017-07-19,9.16,6.02,,
2017-07-20,9.1,6.14,,
2017-07-21,7.1,6.13,,
2017-07-22,8.28,6.24,,
2017-07-23,7.54,6.13,,
2017-07-24,7.42,6.35,,
2017-07-25,7.84,6.12,,
2017-07-26,7.82,6.17,,
2017-07-27,6.85,6.22,,
2017-07-28,5.56,6.38,,
2017-07-29,6.82,6.17,,
2017-07-30,6.54,6.31,,
2017-07-31,5.38,6.35,,
2017-08-01,5.9,6.3,,
2017-08-02,7.1,6.21,,
2017-08-03,5.31,6.35,,
2017-08-04,17.8,6.3,,
2017-08-05,6.2,6.4,,
2017-08-06,5.42,6.32,,
2017-08-07,5.52,6.38,,
2017-08-08,5.58,6.28,,
2017-08-09,7.47,6.26,,
2017-08-10,6.78,6.23,,
2017-08-11,11.1,6.13,,
2017-08-12,8.98,6.19,,
2017-08-13,8.35,6.36,,
2017-08-14,8.25,6.5,,
2017-08-15,10.7,6.24,,
2017-08-16,15.6,6.22,,
2017-08-17,20.8,6.15,,
2017-08-18,11.9,6.26,,
2017-08-19,12.3,6.26,,
2017-08-20,10.5,6.28,,
2017-08-21,10.4,6.17,,
2017-08-22,13.2,6.24,,
2017-08-23,13,6.25,,
2017-08-24,10.9,6.31,,
2017-08-25,20,6.24,,
2017-08-26,31.5,6.21,,
2017-08-27,23.1,6.21,,
2017-08-28,14.1,6.33,,
2017-08-29,15.8,6.37,,
2017-08-30,13.5,6.4,,
2017-08-31,14,6.33,,
2017-09-01,15.3,6.22,,
2017-09-02,12.9,6.27,,
2017-09-03,11.6,6.47,,
2017-09-04,11,6.41,,
2017-09-05,10.4,6.62,,
2017-09-06,13.7,6.25,,
2017-09-07,14.5,6.36,,
2017-09-08,10.3,6.32,,
2017-09-09,9.32,6.48,,
2017-09-10,9.58,6.37,,
2017-09-11,9.56,6.35,,
2017-09-12,15.4,6.28,,
2017-09-13,14,6.17,,
2017-09-14,11.9,6.25,,
2017-09-15,9.96,6.31,,
2017-09-16,8.9,6.53,,
2017-09-17,7.45,6.45,,
2017-09-18,7.52,6.37,,
2017-09-19,8.96,6.2,,
2017-09-20,10,6.28,,
2017-09-21,15.1,6.25,,
2017-09-22,13.5,6.35,,
2017-09-23,12.2,6.4,,
2017-09-24,10,6.42,,
2017-09-25,10.4,6.31,,
2017-09-26,8.87,6.46,,
2017-09-27,7.98,6.41,,
2017-09-28,6.9,6.54,,
2017-09-29,6.35,6.66,,
2017-09-30,9.2,6.41,,
2017-10-01,7.05,6.61,,
2017-10-02,8.33,6.37,,
2017-10-03,7.11,6.51,,
2017-10-04,6.4,6.62,,
2017-10-05,5.21,6.86,,
2017-10-06,6.4,6.6,,
2017-10-07,4.6899999999999995,6.6,,
2017-10-08,7.11,6.19,,
2017-10-09,6.48,6.3,,
2017-10-10,6.58,6.3,,
2017-10-11,6.72,6.27,,
2017-10-12,6.3,6.32,,
2017-10-13,6.38,6.28,,
2017-10-14,7.97,6.15,,
2017-10-15,6.22,6.25,,
2017-10-16,6.2,6.35,,
2017-10-17,5.7,6.4,,
2017-10-18,5.75,6.42,,
2017-10-19,6.51,6.3,,
2017-10-20,5.71,6.29,,
2017-10-21,5.75,6.37,,
2017-10-22,6.04,6.29,,
2017-10-23,5.21,6.31,,
2017-10-24,4.95,6.22,,
2017-10-25,4.62,6.35,,
2017-10-26,4.21,6.43,,
2017-10-27,3.57,6.27,,
2017-10-28,4.12,6.58,,
2017-10-29,3.7,6.5,,
2017-10-30,3.75,6.4,,
2017-10-31,3.65,6.46,,
2017-11-01,3.83,6.48,,
2017-11-02,3.56,6.46,,
2017-11-03,5.06,6.29,,
2017-11-04,3.79,6.39,,
2017-11-05,3.45,6.51,,
2017-11-06,0.64,6.47,,
2017-11-07,4.16,6.25,,
2017-11-08,3.32,6.42,,
2017-11-09,3.15,6.46,,
2017-11-10,4.23,6.51,,
2017-11-11,3.6,6.39,,
2017-11-12,5.17,6.33,,
2017-11-13,3.84,6.38,,
2017-11-14,5.62,6.34,,
2017-11-15,4.67,6.33,,
2017-11-16,5.04,6.35,,
2017-11-17,4.74,6.3,,
2017-11-18,4.42,6.35,,
2017-11-19,4.56,6.31,,
2017-11-20,3.47,6.74,,
2017-11-21,3.21,6.53,,
2017-11-22,3.88,6.56,,
2017-11-23,3.6,6.6,,
2017-11-24,3.65,6.59,,
2017-11-25,3.51,6.51,,
2017-11-26,3.99,6.61,,
2017-11-27,4.42,6.46,,
2017-11-28,3.98,6.46,,
2017-11-29,5.51,6.56,,
2017-11-30,5.39,6.44,,
2017-12-01,5.2,6.4,,
2017-12-02,5.26,6.61,,
2017-12-03,7.4,6.34,,
2017-12-04,6.79,6.43,,
2017-12-05,6.08,6.4,,
2017-12-06,6.35,6.43,,
2017-12-07,8.12,6.37,,
2017-12-08,9.84,6.34,,
2017-12-09,9.82,6.37,,
2017-12-10,10.2,6.37,,
2017-12-11,8.81,6.49,,
2017-12-12,7.93,6.49,,
2017-12-13,7.36,6.57,,
2017-12-14,6.64,6.54,,
2017-12-15,6.6,6.55,,
2017-12-16,6.4,6.55,,
2017-12-17,6.4,6.5,,
2017-12-18,6.9,6.34,,
2017-12-19,6.55,6.51,,
2017-12-20,7.86,6.28,,
2017-12-21,12,6.3,,
2017-12-22,9.95,6.39,,
2017-12-23,9.15,6.45,,
2017-12-24,8.19,6.5,,
2017-12-25,7.12,6.61,,
2017-12-26,6.12,6.7,,
2017-12-27,4.92,6.66,,
2017-12-28,5.75,6.51,,
2017-12-29,5.78,6.45,,
2017-12-30,5.42,6.29,,
2017-12-31,5.14,6.29,,
2018-01-01,4.61,6.56,,
2018-01-02,4.77,6.62,,
2018-01-03,6.53,6.36,,
2018-01-04,9.93,6.24,,
2018-01-06,7.08,6.54,,
2018-01-07,6.86,6.53,,
2018-01-08,6.3,6.48,,
2018-01-09,6.88,6.38,,
2018-01-10,6.05,6.5,,
2018-01-11,6.08,6.29,,
2018-01-12,5.74,6.68,,
2018-01-13,5.43,6.55,,
2018-01-14,7.48,6.37,,
2018-01-15,5.95,6.44,,
2018-01-16,5.86,6.45,,
2018-01-17,8.47,6.25,,
2018-01-18,5.43,6.68,,
2018-01-19,4.69,6.56,,
2018-01-20,5.75,6.46,,
2018-01-21,5.28,6.48,,
2018-01-22,5.21,6.53,,
2018-01-23,5.23,6.98,,
2018-01-24,6.67,6.34,,
2018-01-25,6.68,6.32,,
2018-01-26,4.47,6.62,,
2018-01-27,4.56,6.56,,
2018-01-28,4.21,6.54,,
2018-01-29,3.97,6.75,,
2018-01-30,4.11,6.88,,
2018-01-31,3.98,6.87,,
2018-02-01,5.7,6.44,,
2018-02-02,6.31,6.46,,
2018-02-03,6.03,6.5,,
2018-02-04,5.81,6.49,,
2018-02-05,6.33,6.44,,
2018-02-06,6.35,6.57,,
2018-02-07,6.33,6.57,,
2018-02-08,6.74,6.62,,
2018-02-09,13.2,6.4,,
2018-02-10,12.09,6.36,,
2018-02-11,11.6,6.53,,
2018-02-12,9.97,6.5,,
2018-02-14,7.98,6.55,,
2018-02-15,7.98,6.45,,
2018-02-16,7.91,6.53,,
2018-02-17,8.61,6.61,,
2018-02-18,7.63,6.54,,
2018-02-19,7,6.58,,
2018-02-20,7.29,6.62,,
2018-02-21,6.73,6.56,,
2018-02-22,8.16,6.69,,
2018-02-23,7.55,6.56,,
2018-02-24,6.65,6.53,,
2018-02-25,9.78,6.54,,
2018-02-26,9.21,6.36,,
2018-02-27,13.2,6.22,,
2018-02-28,7.63,6.47,,
2018-03-01,7.08,6,,
2018-03-02,6.86,6.15,,
2018-03-03,6.3,6.21,,
2018-03-04,6.88,5.96,,
2018-03-05,6.05,5.87,,
2018-03-06,6.08,5.97,,
2018-03-07,5.74,6,,
2018-03-08,5.43,6.14,,
2018-03-09,7.48,6.19,,
2018-03-10,5.95,6.01,,
2018-03-11,5.86,6.07,,
2018-03-12,8.47,6.25,,
2018-03-13,5.43,6.1,,
2018-03-14,4.69,6.45,,
2018-03-15,5.75,6.14,,
2018-03-16,5.28,6.17,,
2018-03-17,5.21,6.1,,
2018-03-18,8.34,6.04,,
2018-03-19,9.92,6.08,,
2018-03-20,9.92,6.08,,
2018-03-21,9.96,6.14,,
2018-03-22,14,6.19,,
2018-03-23,12.8,6.09,,
2018-03-24,10.4,6.03,,
2018-03-25,9.21,6.1,,
2018-03-26,9.08,6.26,,
2018-03-27,10.8,6.1,,
2018-03-28,11.2,6,,
2018-03-29,8.57,6.3,,
2018-03-30,8.81,6.18,,
2018-03-31,8.89,6.05,,
2018-04-01,9.13,6.47,,
2018-04-02,8.69,6.52,,
2018-04-03,12.9,6.29,,
2018-04-04,9.2,6.42,,
2018-04-05,10.7,6.39,,
2018-04-06,11.8,6.38,,
2018-04-07,9.72,6.43,,
2018-04-08,8.9,6.49,,
2018-04-09,8.5,6.52,,
2018-04-10,8.06,6.54,,
2018-04-11,6.45,6.68,,
2018-04-12,6.97,6.62,,
2018-04-13,6.75,6.62,,
2018-04-14,8,6.54,,
2018-04-15,7.21,6.57,,
2018-04-16,6.4,6.69,,
2018-04-17,6.29,6.7,,
2018-04-18,6.71,6.56,,
2018-04-19,6.28,6.57,,
2018-04-20,9.51,6.38,,
2018-04-21,9.09,6.43,,
2018-04-22,11,6.31,,
2018-04-23,9.94,6.46,,
2018-04-24,8.97,6.44,,
2018-04-25,7.84,6.45,,
2018-04-26,8.41,6.4,,
2018-04-27,10.5,6.35,,
2018-04-28,10.2,6.35,,
2018-04-29,9.62,6.49,,
2018-04-30,9.4,6.49,,
2018-05-01,8.6,6.55,,
2018-05-02,8.6,6.48,,
2018-05-03,8.61,6.47,,
2018-05-04,8.03,6.49,,
2018-05-05,7.72,6.58,,
2018-05-06,7.28,6.61,,
2018-05-07,6.48,6.57,,
2018-05-08,5.92,6.58,,
2018-05-09,5.92,6.55,,
2018-05-10,6.08,6.6,,
2018-05-11,5.21,6.58,,
2018-05-12,6.38,6.57,,
2018-05-13,6.07,6.51,,
2018-05-14,5.86,6.47,,
2018-05-15,5.6,6.56,,
2018-05-16,6.21,6.57,,
2018-05-17,18.3,6.42,,
2018-05-18,24.8,6.45,,
2018-05-19,17.2,6.5,,
2018-05-20,17.2,6.4,,
2018-05-21,12.6,6.54,,
2018-05-22,11.2,6.5,,
2018-05-23,19.6,6.63,,
2018-05-24,19.7,6.7,,
2018-05-25,11.2,6.5,,
2018-05-26,15.5,6.22,,
2018-05-27,16.6,6.51,,
2018-05-28,5.8,6.75,,
2018-05-29,14.8,6.49,,
2018-05-30,9.1,6.44,,
2018-05-31,7.63,6.5,,
2018-06-01,5.92,6.58,,
2018-06-02,5.92,6.55,,
2018-06-03,6.08,6.6,,
2018-06-04,5.21,6.58,,
2018-06-05,6.38,6.57,,
2018-06-06,6.07,6.51,,
2018-06-07,5.86,6.47,,
2018-06-08,5.6,6.56,,
2018-06-09,6.21,6.57,,
2018-06-10,18.3,6.42,,
2018-06-11,9.13,6.47,,
2018-06-12,8.69,6.52,,
2018-06-13,12.9,6.29,,
2018-06-14,9.2,6.42,,
2018-06-15,10.7,6.39,,
2018-06-16,11.8,6.38,,
2018-06-17,9.72,6.43,,
2018-06-18,8.9,6.49,,
2018-06-19,8.5,6.52,,
2018-06-20,8.06,6.54,,
2018-06-21,6.45,6.68,,
2018-06-22,6.97,6.62,,
2018-06-23,6.75,6.62,,
2018-06-24,6.71,6.56,,
2018-06-25,6.28,6.57,,
2018-06-26,9.51,6.38,,
2018-06-27,9.09,6.43,,
2018-06-28,11,6.31,,
2018-06-29,9.94,6.46,,
2018-06-30,5.86,6.47,,
2018-07-01,7.41,6.53,,
2018-07-02,5.18,6.63,,
2018-07-03,6.09,6.57,,
2018-07-04,5.74,6.57,,
2018-07-05,7.11,6.53,,
2018-07-06,7.11,6.43,,
2018-07-07,7.66,6.57,,
2018-07-08,9.62,6.56,,
2018-07-09,9.06,6.58,,
2018-07-10,9.97,5.9,,
2018-07-11,9.51,6.61,,
2018-07-12,9.35,6.69,,
2018-07-13,8.78,6.67,,
2018-07-14,8.21,6.74,,
2018-07-15,7.32,6.6,,
2018-07-16,7.01,6.76,,
2018-07-17,6.71,6.48,,
2018-07-18,7.72,6.65,,
2018-07-19,6.5,6.76,,
2018-07-20,6.3,6.76,,
2018-07-21,6.05,6.75,,
2018-07-22,5.11,6.56,,
2018-07-23,6.44,6.83,,
2018-07-24,5.33,6.8,,
2018-07-25,4.47,6.79,,
2018-07-26,5.56,6.7,,
2018-07-27,5.91,6.67,,
2018-07-28,4.98,6.73,,
2018-07-29,4.64,6.63,,
2018-07-30,4.93,6.63,,
2018-07-31,4.9,6.69,,
2018-08-01,5.8,6.69,,
2018-08-02,7.06,6.75,,
2018-08-03,5.27,6.79,,
2018-08-04,5.08,6.81,,
2018-08-05,4.79,6.73,,
2018-08-06,6.1,6.82,,
2018-08-07,6.11,6.83,,
2018-08-08,6.21,6.79,,
2018-08-09,6.15,6.8,,
2018-08-10,6.05,6.87,,
2018-08-11,8.31,6.71,,
2018-08-12,8,6.69,,
2018-08-13,6.9,6.86,,
2018-08-14,7.02,6.9,,
2018-08-15,7.02,6.76,,
2018-08-16,7.1,6.67,,
2018-08-17,6.89,6.6,,
2018-08-18,6.92,6.74,,
2018-08-19,6.76,6.72,,
2018-08-20,6.77,6.81,,
2018-08-21,6.5,6.67,,
2018-08-22,6.18,6.64,,
2018-08-23,5.68,6.91,,
2018-08-24,6.08,6.76,,
2018-08-25,5.7,6.84,,
2018-08-26,7.3,6.64,,
2018-08-27,7.3,6.64,,
2018-08-28,5.51,6.68,,
2018-08-29,5.46,6.65,,
2018-08-30,5.75,6.82,,
2018-08-31,6.14,6.8,,
2018-09-01,5.97,6.72,,
2018-09-02,5.56,6.53,,
2018-09-03,5.53,6.58,,
2018-09-04,5.17,6.53,,
2018-09-05,5.4,6.75,,
2018-09-06,6.3,6.76,,
2018-09-07,5.7,6.61,,
2018-09-08,5.35,6.54,,
2018-09-09,5.56,6.75,,
2018-09-10,5.57,6.75,,
2018-09-11,5.74,6.7,,
2018-09-12,5.7,6.74,,
2018-09-13,5.81,6.53,,
2018-09-14,5.54,6.52,,
2018-09-15,5.67,6.74,,
2018-09-16,5.88,6.91,,
2018-09-17,5.87,6.76,,
2018-09-18,5.4,6.68,,
2018-09-19,6.38,6.71,,
2018-09-20,6.59,6.74,,
2018-09-21,6.43,6.67,,
2018-09-22,5.8,6.69,,
2018-09-23,7.06,6.75,,
2018-09-24,5.27,6.79,,
2018-09-25,5.08,6.81,,
2018-09-26,4.79,6.73,,
2018-09-27,6.1,6.82,,
2018-09-28,6.11,6.83,,
2018-09-29,6.21,6.79,,
2018-09-30,6.15,6.8,,
2018-10-01,7.4,6.52,,
2018-10-02,6.61,6.7,,
2018-10-03,6.6,7.24,,
2018-10-04,6.64,6.47,,
2018-10-05,7.71,6.69,,
2018-10-06,9.5,6.58,,
2018-10-07,14.2,6.64,,
2018-10-08,11.7,6.35,,
2018-10-09,9.61,6.48,,
2018-10-10,9.15,6.52,,
2018-10-11,13,6.17,,
2018-10-12,10.2,6.5,,
2018-10-13,9.46,6.38,,
2018-10-14,7.84,6.33,,
2018-10-15,8.73,6.36,,
2018-10-16,8.47,6.4,,
2018-10-17,7.65,6.63,,
2018-10-18,7.43,6.47,,
2018-10-19,8.02,6.47,,
2018-10-20,9.08,6.56,,
2018-10-21,7.58,6.59,,
2018-10-22,6.93,6.68,,
2018-10-23,7.34,6.45,,
2018-10-24,7,6.4,,
2018-10-25,6.3,6.51,,
2018-10-26,8.38,6.51,,
2018-10-27,9.06,6.43,,
2018-10-28,8.5,6.38,,
2018-10-29,7.97,6.45,,
2018-10-30,7.47,6.59,,
2018-10-31,7.47,6.46,,
2018-11-01,6.48,6.47,,
2018-11-02,6.83,6.55,,
2018-11-03,7.18,6.58,,
2018-11-04,8,6.53,,
2018-11-05,7.3,6.43,,
2018-11-06,7.5,6.4,,
2018-11-07,28.5,6.35,,
2018-11-08,5.21,6.13,,
2018-11-09,37.1,6.11,,
2018-11-10,25.4,6.12,,
2018-11-11,29.5,6.08,,
2018-11-12,17.7,6.26,,
2018-11-13,24.7,6.15,,
2018-11-14,12.8,6.39,,
2018-11-15,25.3,6.04,,
2018-11-16,16.2,6.3,,
2018-11-17,10.4,6.88,,
2018-11-18,14.5,6.62,,
2018-11-19,17.4,6.32,,
2018-11-20,25.2,6.35,,
2018-11-21,17.1,6.41,,
2018-11-22,13.9,6.56,,
2018-11-23,14.4,6.65,,
2018-11-24,15,6.36,,
2018-11-25,17.9,6.69,,
2018-11-26,14.1,6.33,,
2018-11-27,22.6,6.15,,
2018-11-28,38.4,6.08,,
2018-11-29,45.02,6.14,,
2018-11-30,22.2,6.29,,
2018-12-01,14.5,6.4,,
2018-12-02,17.4,6.61,,
2018-12-03,25.2,6.34,,
2018-12-04,17.1,6.43,,
2018-12-05,13.9,6.4,,
2018-12-06,14.4,6.43,,
2018-12-07,15,6.37,,
2018-12-08,17.9,6.34,,
2018-12-09,14.1,6.37,,
2018-12-10,22.6,6.37,,
2018-12-11,38.4,6.49,,
2018-12-12,45.02,6.49,,
2018-12-13,22.2,6.57,,
2018-12-14,37.1,6.54,,
2018-12-15,25.4,6.55,,
2018-12-16,29.5,6.55,,
2018-12-17,17.7,6.5,,
2018-12-18,24.7,6.34,,
2018-12-19,12.8,6.51,,
2018-12-20,25.3,6.28,,
2018-12-21,16.2,6.3,,
2018-12-22,10.4,6.39,,
2018-12-23,14.5,6.45,,
2018-12-24,17.4,6.5,,
2018-12-25,25.2,6.61,,
2018-12-26,17.1,6.7,,
2018-12-27,13.9,6.66,,
2018-12-28,7.18,6.51,,
2018-12-29,8,6.45,,
2018-12-30,7.3,6.29,,
2018-12-31,7.5,6.29,,
2019-01-01,20.6,6.48,,
2019-01-02,15.2,6.38,,
2019-01-03,14.8,6.36,,
2019-01-04,14.5,6.48,,
2019-01-05,18,6.35,,
2019-01-06,17.3,6.37,,
2019-01-07,15.9,6.3,,
2019-01-08,17,6.3,,
2019-01-09,11.1,6.37,,
2019-01-10,23.7,6.41,,
2019-01-11,16.9,6.46,,
2019-01-12,13.8,6.47,,
2019-01-13,9.32,6.4,,
2019-01-14,7.83,6.48,,
2019-01-15,9.4,6.8,,
2019-01-16,8,6.37,,
2019-01-17,10,6.4,,
2019-01-18,17.4,6.37,,
2019-01-19,17.6,6.49,,
2019-01-20,13,6.24,,
2019-01-21,12.1,6.48,,
2019-01-22,11.8,6.18,,
2019-01-23,12,6.38,,
2019-01-24,13.9,6.4,,
2019-01-25,13.6,6.5,,
2019-01-26,10.7,6.42,,
2019-01-27,18.5,6.42,,
2019-01-28,14,6.36,,
2019-01-29,30,6.3,,
2019-01-30,35,6.29,,
2019-01-31,25.5,6.87,,
2019-02-01,48.4,6.43,,
2019-02-02,19.2,6.29,,
2019-02-03,53.7,6.36,,
2019-02-04,36,6.36,,
2019-02-05,28.7,6.41,,
2019-02-06,26.8,6.29,,
2019-02-07,17.2,6.37,,
2019-02-08,31,6.45,,
2019-02-09,44,6.45,,
2019-02-10,24.8,6.42,,
2019-02-11,33.3,6.49,,
2019-02-12,26.8,7.04,,
2019-02-13,29.2,6.36,,
2019-02-14,34.2,6.45,,
2019-02-15,22.8,6.37,,
2019-02-16,21.6,6.39,,
2019-02-17,19.7,6.37,,
2019-02-18,22.7,6.5,,
2019-02-19,17.9,6.39,,
2019-02-20,14.8,6.47,,
2019-02-22,17.2,6.15,,
2019-02-23,15.1,6.4,,
2019-02-24,10.6,6.77,,
2019-02-25,14,6.4,,
2019-02-26,11.7,6.44,,
2019-02-27,11.4,6.38,,
2019-02-28,11.7,6.41,,
2019-03-01,9.46,6.39,,
2019-03-02,9.8,6.51,,
2019-03-03,8.64,6.5,,
2019-03-04,7.72,6.6,,
2019-03-05,7.02,6.6,,
2019-03-06,9.5,6.28,,
2019-03-07,9.71,6.31,,
2019-03-08,9.74,6.29,,
2019-03-09,7.57,6.39,,
2019-03-10,9.46,6.56,,
2019-03-11,7.07,6.7,,
2019-03-12,7.22,6.79,,
2019-03-13,7.21,6.67,,
2019-03-14,9.47,6.44,,
2019-03-15,7.16,6.63,,
2019-03-16,9.08,6.4,,
2019-03-17,12.5,6.42,,
2019-03-18,11.5,6.24,,
2019-03-19,12.1,6.37,,
2019-03-20,10.6,6.3,,
2019-03-21,12.2,6.51,,
2019-03-22,14.6,6.23,,
2019-03-23,9.83,6.35,,
2019-03-24,11.5,6.27,,
2019-03-25,8.9,6.56,,
2019-03-26,9.1,6.35,,
2019-03-27,8.24,6.41,,
2019-03-28,8.9,6.3,,
2019-03-29,9.52,6.38,,
2019-03-30,9.05,6.15,,
2019-03-31,8.94,6.42,,
2019-04-01,9.32,6.39,,
2019-04-02,9.8,6.27,,
2019-04-03,8.58,6.46,,
2019-04-04,23.6,6.38,,
2019-04-05,17.1,6.23,,
2019-04-06,25.8,6.1,,
2019-04-07,19.6,6.14,,
2019-04-08,19.5,6.17,,
2019-04-09,21,6.2,,
2019-04-10,20.5,6.25,,
2019-04-11,22,6.12,,
2019-04-12,24,6.26,,
2019-04-13,25.9,6.37,,
2019-04-14,29.1,6.35,,
2019-04-15,25.5,6.25,,
2019-04-16,24.8,6.24,,
2019-04-17,26.4,6.42,,
2019-04-18,20.2,6.19,,
2019-04-19,21.7,6.52,,
2019-04-20,23.1,6.35,,
2019-04-21,23,6.24,,
2019-04-22,18.2,6.4,,
2019-04-23,19.8,6.26,,
2019-04-24,18.2,6.26,,
2019-04-25,21.8,6.38,,
2019-04-26,24.2,6.43,,
2019-04-27,27.1,6.47,,
2019-04-28,43.7,6.48,,
2019-04-29,25.4,6.34,,
2019-04-30,50.2,6.45,,
2019-05-01,24.6,6.24,,
2019-05-02,38.6,6.37,,
2019-05-03,30,6.28,,
2019-05-04,32,6.18,,
2019-05-05,30,6.3,,
2019-05-06,35.6,6.3,,
2019-05-07,32.2,6.12,,
2019-05-08,47.7,6.22,,
2019-05-09,26.5,6.37,,
2019-05-10,21.5,6.25,,
2019-05-11,18.4,6.35,,
2019-05-12,19.1,6.3,,
2019-05-13,18.9,6.3,,
2019-05-14,18.3,6.34,,
2019-05-15,18.8,6.33,,
2019-05-16,20.6,6.27,,
2019-05-17,18.8,6.25,,
2019-05-18,26.6,6.3,,
2019-05-19,16.8,6.37,,
2019-05-20,13.2,6.37,,
2019-05-21,7.08,6.6,,
2019-06-01,15.4,6.49,,
2019-06-02,21.1,6.5,,
2019-06-03,47.9,6.36,,
2019-06-04,19.8,6.29,,
2019-06-05,35.5,6.16,,
2019-06-06,29.8,6.21,,
2019-06-07,39.7,6.18,,
2019-06-08,28.5,6.18,,
2019-06-09,34,6.22,,
2019-06-10,44.5,6.1,,
2019-06-11,22.5,6.29,,
2019-06-12,21.8,6.2,,
2019-06-13,28.9,6.15,,
2019-06-14,30.2,6.07,,
2019-06-15,25.7,6.2,,
2019-06-16,22,6.21,,
2019-06-17,13.9,6.39,,
2019-06-18,12.2,6.42,,
2019-06-19,13.2,6.45,,
2019-06-20,17,6.2,,
2019-06-21,18,6.14,,
2019-06-22,22,6.27,,
2019-06-23,15.5,6.33,,
2019-06-24,19.3,6.27,,
2019-06-25,18.8,6.27,,
2019-06-26,16.5,6.14,,
2019-07-01,11.2,6.41,,
2019-07-02,11.2,6.35,,
2019-07-03,11.6,6.43,,
2019-07-04,10.2,6.27,,
2019-07-05,13.3,6.27,,
2019-07-06,9.33,6.39,,
2019-07-07,8.4,6.68,,
2019-07-08,7.73,6.32,,
2019-07-09,7.07,6.41,,
2019-07-10,7.04,6.76,,
2019-07-11,6.55,6.41,,
2019-07-12,6.67,6.37,,
2019-07-13,6.8,6.4,,
2019-07-14,8.28,6.32,,
2019-07-15,8.1,6.32,,
2019-07-16,8.78,6.27,,
2019-07-17,8.1,6.39,,
2019-07-18,7.02,6.33,,
2019-07-19,6.67,6.47,,
2019-07-20,6.33,6.48,,
2019-07-21,5.63,6.73,,
2019-07-22,7.12,6.33,,
2019-07-23,5.41,6.33,,
2019-07-24,5.37,6.42,,
2019-07-25,6.42,6.41,,
2019-07-26,5.45,6.48,,
2019-07-27,5.28,6.51,,
2019-07-28,5.64,6.38,,
2019-07-29,5.59,6.52,,
2019-07-30,5.23,6.45,,
2019-07-31,4.72,6.61,,
2019-08-01,4.71,6.41,,
2019-08-02,4.95,6.4,,
2019-08-03,4.33,6.33,,
2019-08-04,4.14,6.39,,
2019-08-05,4.21,6.42,,
2019-08-06,4.15,6.47,,
2019-08-07,4.12,6.6,,
2019-08-08,4,6.59,,
2019-08-09,3.84,6.59,,
2019-08-10,4.09,6.6,,
2019-08-11,4.08,6.64,,
2019-08-12,3.42,6.67,,
2019-08-13,3.6,6.61,,
2019-08-14,3.8,6.63,,
2019-08-15,3.77,6.62,,
2019-08-16,4.26,6.54,,
2019-08-17,4.03,6.49,,
2019-08-18,4.28,6.95,,
2019-08-19,4.3,6.55,,
2019-08-20,4.3,6.58,,
2019-08-21,4.8,6.4,,
2019-08-22,4.98,6.75,,
2019-08-23,5.49,6.68,,
2019-08-24,5.36,6.6,,
2019-08-25,5.04,6.65,,
2019-08-26,5.69,6.62,,
2019-08-27,5.19,6.64,,
2019-08-28,5.33,6.73,,
2019-08-29,5.39,6.66,,
2019-08-30,6.74,6.72,,
2019-08-31,5.98,6.69,,
2019-09-01,5.7,6.68,,
2019-09-02,6.2,6.54,,
2019-09-03,6.69,6.82,,
2019-09-04,7.39,6.69,,
2019-09-05,7.04,6.71,,
2019-09-06,6.41,6.63,,
2019-09-07,7.53,6.76,,
2019-09-08,7.9,6.65,,
2019-09-09,8.02,6.45,,
2019-09-10,7.36,6.55,,
2019-09-11,7.43,6.66,,
2019-09-12,7,6.71,,
2019-09-13,6.31,6.52,,
2019-09-14,5.93,6.55,,
2019-09-26,4,6.41,,
2019-09-27,3.84,6.4,,
2019-09-28,4.09,6.33,,
2019-09-29,4.08,6.39,,
2019-09-30,3.42,6.42,,
2019-10-01,3.6,6.47,,
2019-10-02,3.8,6.6,,
2019-10-03,3.77,6.59,,
2019-10-04,4.26,6.59,,
2019-10-05,4.03,6.6,,
2019-10-06,4.28,6.64,,
2019-10-07,4.3,6.67,,
2019-10-08,5.33,6.61,,
2019-10-09,5.39,6.63,,
2019-10-10,4.08,6.62,,
2019-10-11,3.42,6.54,,
2019-10-12,3.6,6.49,,
2019-10-13,3.8,6.95,,
2019-10-14,3.77,6.55,,
2019-10-15,4.26,6.58,,
2019-10-16,4.03,6.4,,
2019-10-17,4.28,6.75,,
2019-10-18,4.3,6.61,,
2019-10-19,4.3,6.63,,
2019-10-20,4.52,6.62,,
2019-10-21,5.69,6.63,,
2019-10-22,5.19,6.76,,
2019-10-23,5.33,6.65,,
2019-10-24,5.39,6.45,,
2019-10-25,6.74,6.55,,
2019-10-26,8.58,6.38,,
2019-10-27,6.83,6.76,,
2019-10-28,6.28,6.39,,
2019-10-29,6.6,6.16,,
2019-10-30,6.38,6.14,,
2019-10-31,6.98,6.34,,
2019-11-01,6.88,6.4,,
2019-11-02,6.667,6.59,,
2019-11-03,6.72,6.29,,
2019-11-04,6.08,6.24,,
2019-11-05,6.29,6.56,,
2019-11-06,6.52,6.52,,
2019-11-07,6.14,6.51,,
2019-11-08,6.29,6.48,,
2019-11-09,7.4,6.32,,
2019-11-10,6.48,6.44,,
2019-11-11,6.7,6.35,,
2019-11-12,6.8,6.42,,
2019-11-13,6.28,6.52,,
2019-11-14,5.98,6.73,,
2019-11-15,6.81,6.74,,
2019-11-16,7.13,6.72,,
2019-11-17,7.14,6.69,,
2019-11-18,6.99,6.82,,
2019-11-19,6.9,6.74,,
2019-11-20,7.05,6.5,,
2019-11-21,6.94,6.67,,
2019-11-22,6.1,6.64,,
2019-11-23,6.31,6.82,,
2019-11-24,6.69,6.64,,
2019-11-25,6.72,6.51,,
2019-12-26,12.3,6.18,,
2019-12-27,8.95,6.52,,
2019-12-28,8.05,6.58,,
2019-12-29,10.2,6.18,,
2019-12-30,8.32,6.4,,
2019-12-31,9.5,6.2,,
2020-01-01,9.83,6.15,,
2020-01-02,11.3,6.02,,
2020-01-03,8.86,6.06,,
2020-01-04,7.88,6.64,,
2020-01-05,8.95,6.62,,
2020-01-06,10.3,6.57,,
2020-01-07,10.6,6.32,,
2020-01-08,8.58,6.54,,
2020-01-09,9.69,6.23,,
2020-01-10,9.52,5.7,,
2020-01-11,8.95,6.23,,
2020-01-12,8.78,6.44,,
2020-01-13,8.29,6.45,,
2020-01-14,7.55,6.25,,
2020-01-15,10.7,6.38,,
2020-01-16,6.97,6.31,,
2020-01-17,6.15,6.57,,
2020-01-18,6.31,6.65,,
2020-01-19,6.73,6.69,,
2020-01-20,6.01,6.86,,
2020-01-21,6.87,6.63,,
2020-01-22,7.15,6,,
2020-01-23,5.69,6.67,,
2020-01-24,6.27,6.15,,
2020-01-25,6.3,6.3,,
2020-03-26,8.93,6.24,,
2020-03-27,10.3,6.24,,
2020-03-28,8.74,6.3,,
2020-03-29,9.81,6.33,,
2020-03-30,12.5,6.33,,
2020-03-31,10.7,6.34,,
2020-04-01,10.5,6.36,,
2020-04-02,18.2,6.37,,
2020-04-03,18,6.35,,
2020-04-04,15,6.32,,
2020-04-05,19.2,6.28,,
2020-04-06,21.2,6.29,,
2020-04-07,16.5,6.35,,
2020-04-08,23.5,6.44,,
2020-04-09,20.6,6.37,,
2020-04-10,21.5,6.38,,
2020-04-11,12.7,6.32,,
2020-04-12,48.2,6.36,,
2020-04-13,32.2,6.32,,
2020-04-14,34.6,6.21,,
2020-04-15,28.7,6.21,,
2020-04-16,43.8,6.08,,
2020-04-17,42,6.27,,
2020-04-18,37.4,6.23,,
2020-04-19,45.2,6.24,,
2020-04-20,50.1,6.28,,
2020-04-21,36.1,6.75,,
2020-04-22,34.1,6.19,,
2020-04-23,39.2,6.16,,
2020-04-24,35.7,6.26,,
2020-04-25,31.8,6.22,,
2020-04-26,36.4,7.21,,
2020-04-27,37.2,6.91,,
2020-04-28,24,6.98,,
2020-04-29,31.2,7.43,,
2020-04-30,24.2,7.46,,
2020-05-01,29.7,7.11,,
2020-05-02,27.4,7.09,,
2020-05-03,30,7.59,,
2020-05-04,27.6,7.17,,
2020-05-05,32.8,7.14,,
2020-05-06,56,7.14,,
2020-05-07,54.7,7.28,,
2020-05-08,49,7.19,,
2020-05-09,42.8,7.29,,
2020-05-10,34.8,7.04,,
2020-05-11,39.2,6.96,,
2020-05-12,30.7,7.28,,
2020-05-13,32.1,7.08,,
2020-05-14,32.7,7.04,,
2020-05-15,27.3,7.52,,
2020-05-16,24.2,7.14,,
2020-05-17,29.4,7,,
2020-05-18,25.4,7.14,,
2020-05-19,27.1,6.81,,
2020-05-20,24.7,6.97,,
2020-05-21,28.2,7.03,,
2020-05-22,37,7.15,,
2020-05-23,26.7,6.93,,
2020-05-24,22.2,6.74,,
2020-05-25,26.5,6.8,,
2020-05-26,40.3,6.29,,
2020-05-27,34.2,6.35,,
2020-05-28,32.7,6.23,,
2020-05-29,34.8,6.2,,
2020-05-30,26.8,6.21,,
2020-05-31,32.3,6.21,,
2020-06-01,30.9,6.15,,
2020-06-02,24.8,6.3,,
2020-06-03,23.8,6.16,,
2020-06-04,17,6.13,,
2020-06-05,16.3,6.16,,
2020-06-06,16.3,6.12,,
2020-06-07,12.4,6.04,,
2020-06-08,12.6,6.01,,
2020-06-09,13,6.09,,
2020-06-10,11.7,6.06,,
2020-06-11,11.4,6.2,,
2020-06-12,11,6.04,,
2020-06-13,10.2,6.1,,
2020-06-14,10.2,6.12,,
2020-06-15,14.5,6.2,,
2020-06-16,14.8,6.28,,
2020-06-17,9.42,6.12,,
2020-06-18,6.57,6.23,,
2020-06-19,10.3,6.19,,
2020-06-20,9.08,6.27,,
2020-06-21,8,6.26,,
2020-06-22,8.15,6.32,,
2020-06-23,8.82,6.35,,
2020-06-24,6.56,6.39,,
2020-06-25,6.9,6.37,,
2020-06-26,8.12,6.35,,
2020-06-27,9.92,6.21,,
2020-06-28,25.8,6.09,,
2020-06-29,20.7,6.21,,
2020-06-30,19.2,6.14,,
2020-07-01,32.9,6.06,,
2020-07-02,22.4,6.12,,
2020-07-03,14.1,6.09,,
2020-07-04,17.7,6.18,,
2020-07-05,11,6.27,,
2020-07-06,10.4,6.4,,
2020-07-07,11.7,6.39,,
2020-07-08,11.2,6.45,,
2020-07-09,11.2,6.38,,
2020-07-10,10.8,6.47,,
2020-07-11,9.15,6.42,,
2020-07-12,14.5,6.33,,
2020-07-13,12.9,6.39,,
2020-07-14,6.98,6.47,,
2020-07-15,9.02,6.34,,
2020-07-16,6.43,6.42,,
2020-07-17,9.26,6.6,,
2020-07-18,6.08,6.42,,
2020-07-19,8.2,6.42,,
2020-07-20,8.75,6.18,,
2020-07-21,7.2,6.7,,
2020-07-22,5.98,6.43,,
2020-07-23,7.34,6.22,,
2020-07-24,5.81,6.24,,
2020-07-25,4.95,6.23,,
2020-07-26,4.8,6.48,,
2020-07-27,6.32,6.36,,
2020-07-28,9.25,6.29,,
2020-07-29,12.7,6.26,,
2020-07-30,12.8,6.23,,
2020-07-31,20.3,5.85,,
2020-08-01,14.7,6.22,,
2020-08-02,12.8,6.4,,
2020-08-03,19.7,6.12,,
2020-08-04,16.7,6.04,,
2020-08-05,17,5.94,,
2020-08-06,11.4,6.39,,
2020-08-07,12.3,6.38,,
2020-08-08,10.2,6.35,,
2020-08-09,12.5,6.22,,
2020-08-10,23.3,6.1,,
2020-08-11,10.8,5.77,,
2020-08-12,15,5.98,,
2020-08-13,25.2,5.93,,
2020-08-14,16.2,5.82,,
2020-08-15,14.5,5.65,,
2020-08-16,20.6,5.49,,
2020-08-17,13.9,5.77,,
2020-08-18,8.71,5.78,,
2020-08-19,13.2,5.32,,
2020-08-20,7.79,6.15,,
2020-08-21,9.36,6.1,,
2020-08-22,12.2,6.06,,
2020-08-23,8.14,6.13,,
2020-08-24,8.78,6.06,,
2020-08-25,11.8,5.78,,
2020-08-26,12.5,5.87,,
2020-08-27,10.2,5.87,,
2020-08-28,10.8,5.87,,
2020-08-29,9.11,6.03,,
2020-08-30,7.53,6.12,,
2020-08-31,8.23,5.47,,
2020-09-01,10.8,5.27,,
2020-09-02,7.88,5.64,,
2020-09-03,9.13,5.16,,
2020-09-04,6.49,5.13,,
2020-09-05,7.35,6.1,,
2020-09-06,6.58,5.65,,
2020-09-07,6.18,6.21,,
2020-09-08,6.78,6.15,,
2020-09-09,5.47,6.02,,
2020-09-10,8.34,6.04,,
2020-09-11,7.27,5.17,,
2020-09-12,7,6.01,,
2020-09-13,6.06,5.43,,
2020-09-14,7.86,5.62,,
2020-09-15,7.94,6,,
2020-09-16,5.64,5.32,,
2020-09-17,5.72,6.12,,
2020-09-18,6.25,5.85,,
2020-09-19,5.88,5.35,,
2020-09-20,6.68,5.33,,
2020-09-21,5.43,5.21,,
2020-09-22,5.14,5.25,,
2020-09-23,4.92,5.3,,
2020-09-24,3.99,5.6,,
2020-09-25,3.98,5.34,,
2020-10-26,6.28,6.12,,
2020-10-27,4.86,6.01,,
2020-10-28,5.72,6.13,,
2020-10-29,5,5.79,,
2020-10-30,5.8,5.75,,
2020-10-31,5.21,5.68,,
2020-11-01,5.73,6.49,,
2020-11-02,4.39,6.24,,
2020-11-03,4.2,6.5,,
2020-11-04,3.41,6.25,,
2020-11-05,3.98,5.98,,
2020-11-06,3.98,5.7,,
2020-11-07,3.6,6.28,,
2020-11-08,2.87,5.88,,
2020-11-09,3.68,5.92,,
2020-11-10,3.61,6.38,,
2020-11-11,3.19,6.2,,
2020-11-12,5.21,6.13,,
2020-11-13,4.62,5.89,,
2020-11-14,4.06,5.73,,
2020-11-15,4.02,5.83,,
2020-11-16,4.77,5.85,,
2020-11-17,3.72,6.45,,
2020-11-18,4.25,6.38,,
2020-11-19,4.78,6.18,,
2020-12-26,7.9,6.19,,
2020-12-27,7.82,6.35,,
2020-12-28,4.29,6.48,,
2020-12-29,6.74,6.33,,
2020-12-30,5.96,6.41,,
2020-12-31,10,6.5,,
2021-01-01,8.94,6.43,,
2021-01-02,10.7,6.07,,
2021-01-03,46.1,6.14,,
2021-01-04,50.6,6.15,,
2021-01-05,49.7,6.21,,
2021-01-06,47.4,5.95,,
2021-01-07,44.4,5.96,,
2021-01-08,51.6,6.18,,
2021-01-09,31.8,6.16,,
2021-01-10,44.4,6.2,,
2021-01-11,51.7,6.14,,
2021-01-12,48.1,6.09,,
2021-01-13,52.3,6.05,,
2021-01-14,41.1,6.06,,
2021-01-15,42.6,6.05,,
2021-01-16,39.6,6.33,,
2021-01-17,39.4,6.36,,
2021-01-18,41.9,6.27,,
2021-01-19,34.4,6.27,,
2021-01-20,25.9,6.19,,
2021-01-21,28.3,6.01,,
2021-01-22,29.2,6,,
2021-01-23,31.6,6.05,,
2021-01-24,19.6,6.04,,
2021-01-25,25.6,6.05,,
2021-04-26,6.94,6.3,,
2021-04-27,6.87,6.28,,
2021-04-28,5.93,6.29,,
2021-04-29,6.62,6.21,,
2021-04-30,4.16,6.4,,
2021-05-01,6.66,6.25,,
2021-05-02,5.79,6.21,,
2021-05-03,6.42,6.2,,
2021-05-04,5.77,6.14,,
2021-05-05,5.6,6.22,,
2021-05-06,4.76,6.36,,
2021-05-07,4.51,6.17,,
2021-05-08,11.9,6.34,,
2021-05-09,6.58,6.25,,
2021-05-10,6.16,6.26,,
2021-05-11,4.28,6.19,,
2021-05-12,4.84,6.24,,
2021-05-13,6.5,6.4,,
2021-05-14,7.85,6.39,,
2021-05-15,7.93,6.4,,
2021-05-16,5.44,6.27,,
2021-05-17,6.36,5.68,,
2021-05-18,6.85,6.22,,
2021-05-19,4.87,6.22,,
2021-05-20,5.81,6.37,,
2021-05-21,7.15,6.11,,
2021-05-22,5.74,6.21,,
2021-05-23,5.56,6.36,,
2021-05-24,6.16,6.23,,
2021-05-25,3.89,6.31,,
2021-05-26,5.53,6.32,,
2021-05-27,3.79,6.49,,
2021-05-28,4.32,6.26,,
2021-05-29,4.64,6.16,,
2021-05-30,8.83,6.17,,
2021-05-31,7.92,6.15,,
2021-06-01,7.96,6.02,,
2021-06-02,8.79,6.05,,
2021-06-03,6.28,6.12,,
2021-06-04,7.67,6.1,,
2021-06-05,9.47,6.2,,
2021-06-06,7.75,6.11,,
2021-06-07,9.46,5.91,,
2021-06-08,10,6.23,,
2021-06-09,5.53,6.32,,
2021-06-10,4.18,6.18,,
2021-06-11,10.6,6.2,,
2021-06-12,8.17,6.23,,
2021-06-13,9.01,6.19,,
2021-06-14,6.09,6.17,,
2021-06-15,7.31,6.15,,
2021-07-26,4.08,6.3,,
2021-07-27,5.34,6.12,,
2021-07-28,5.75,6.04,,
2021-07-29,3.84,6.35,,
2021-07-30,3.85,6.37,,
2021-07-31,5.62,6.1,,
2021-08-01,3.12,6.3,,
2021-08-02,3.15,6.29,,
2021-08-03,3.1,6.38,,
2021-08-04,3.98,6.14,,
2021-08-05,3.36,6.24,,
2021-08-06,3.7,6.25,,
2021-08-07,3.74,6.23,,
2021-08-08,3.23,6.43,,
2021-08-09,4.7,6.13,,
2021-08-10,3.47,6.26,,
2021-08-11,3.42,6.25,,
2021-08-12,5.78,6.02,,
2021-08-13,5.82,6.2,,
2021-08-14,4.08,6.02,,
2021-08-15,3.78,6.3,,
2021-08-16,3.78,6.14,,
2021-08-17,4.59,6.16,,
2021-08-18,5.71,6.07,,
2021-08-19,4.36,6.2,,
2021-08-20,4.47,6.31,,
2021-08-21,3.53,6.51,,
2021-08-22,4.75,6.22,,
2021-08-23,4.35,6.31,,
2021-08-24,5.08,6.54,,
2021-08-25,6.39,6.13,,
2021-08-26,7.51,6.13,,
2021-08-27,7.93,6.27,,
2021-08-28,14.2,6.06,,
2021-08-29,36,5.97,,
2021-08-30,49.3,6.01,,
2021-08-31,84.9,5.95,,
2021-09-01,69.5,5.81,,
2021-09-02,50.5,5.84,,
2021-09-03,81.7,6.07,,
2021-09-04,82.7,5.8,,
2021-09-05,169,5.72,,
2021-09-06,130,5.94,,
2021-09-07,98.7,5.77,,
2021-09-08,78.7,5.77,,
2021-09-09,86.4,5.74,,
2021-09-10,81.5,5.92,,
2021-09-11,66.6,5.7,,
2021-09-12,86.6,5.62,,
2021-09-13,82,5.63,,
2021-09-14,67.5,5.9,,
2021-09-15,74.6,5.74,,
2021-09-16,68.3,5.94,,
2021-09-17,58.3,6.06,,
2021-09-18,49,5.75,,
2021-09-19,36,5.94,,
2021-09-20,47.1,5.8,,
2021-09-21,46.6,5.79,,
2021-09-22,54.8,5.88,,
2021-09-23,47.6,5.79,,
2021-09-24,53.3,6.06,,
2021-09-25,46.6,5.96,,
2021-09-26,38.8,5.82,,
2021-09-27,46.3,5.86,,
2021-09-28,36.4,5.78,,
2021-09-29,50.2,5.96,,
2021-09-30,42.8,5.77,,
2021-10-01,42.6,5.62,,
2021-10-02,44.1,5.97,,
2021-10-03,46.2,6,,
2021-10-04,42.5,5.95,,
2021-10-05,40.1,6.01,,
2021-10-06,29.2,5.91,,
2021-10-07,35.4,5.78,,
2021-10-08,21.5,5.77,,
2021-10-09,24.8,5.87,,
2021-10-10,29.5,5.95,,
2021-10-11,24.8,5.83,,
2021-10-12,14.5,5.74,,
2021-10-13,15.2,5.9,,
2021-10-14,21.7,5.87,,
2021-10-15,24.2,6.01,,
2021-10-16,21.4,5.86,,
2021-10-17,18.5,5.8,,
2021-10-18,15.1,5.84,,
2021-10-19,17.5,5.99,,
2021-10-20,12.3,5.83,,
2021-10-21,13.6,5.93,,
2021-10-22,9.07,5.84,,
2021-10-23,10.8,5.87,,
2021-10-24,9.98,5.92,,
2021-10-25,11,5.98,,
2021-10-26,8.6,5.95,16.7,5.84
2021-10-27,7.84,6.05,18.4,5.84
2021-10-28,9.03,5.86,18.1,5.82
2021-10-29,8.7,5.8,20.4,5.87
2021-10-30,6.01,5.86,15.5,5.89
2021-10-31,9.44,5.93,19.4,5.78
2021-11-01,9.28,6.04,18.9,5.78
2021-11-02,9.87,6.04,24.4,5.83
2021-11-03,9.5,5.79,17.4,6.05
2021-11-04,8.99,5.7,17.3,5.94
2021-11-05,8.67,5.74,25.6,5.75
2021-11-06,9.67,5.81,23.2,5.58
2021-11-07,8.97,5.75,13.1,5.86
2021-11-08,9.91,5.76,15.8,5.8
2021-11-09,11.4,5.79,15.6,5.71
2021-11-10,10.8,6.03,11.8,5.69
2021-11-11,11.4,6.25,14.3,5.74
2021-11-12,13.7,6.11,13.8,5.91
2021-11-13,13.3,6.19,12.6,6.01
2021-11-14,10.7,6.24,14.1,6.09
2021-11-15,10.4,6.12,15.9,6.01
2021-11-16,12.4,6.18,15.7,5.94
2021-11-17,8.68,6.14,16.4,5.78
2021-11-18,8.49,6.16,13.1,6.48
2021-11-19,7.32,6.19,13.6,6.09
2021-11-20,5.66,6.28,13.6,5.98
2021-11-21,9.26,6.35,27.6,6
2021-11-22,4.97,6.26,27.2,5.97
2021-11-23,8.09,6.28,22.8,5.88
2021-11-24,7.5,6.05,17.4,5.98
2021-11-25,7.45,6.27,21.4,5.84
2021-11-26,7.51,6.13,17.1,6.06
2021-11-27,7.93,6.27,15.5,6.21
2021-11-28,14.2,6.06,18.4,6.28
2021-11-29,36,5.97,15.4,5.9
2021-11-30,49.3,6.01,15.6,5.95
2021-12-01,84.9,5.95,14.3,6.1
2021-12-02,69.5,5.81,14.2,6.04
2021-12-03,50.5,5.84,12.4,6.13
2021-12-04,81.7,6.07,11.4,6.26
2021-12-05,82.7,5.8,13.9,6.35
2021-12-06,169,5.72,14.5,6
2021-12-07,130,5.94,12.6,5.96
2021-12-08,98.7,5.77,15.7,6.1
2021-12-09,78.7,5.77,14.2,6.12
2021-12-10,86.4,5.74,13.03,6.12
2021-12-11,81.5,5.92,16.2,6.12
2021-12-12,66.6,5.7,17.4,5.97
2021-12-13,86.6,5.62,15.5,6.07
2021-12-14,82,5.63,16.3,6.01
2021-12-15,67.5,5.9,15.6,6.06
2021-12-16,74.6,5.74,21.3,5.87
2021-12-17,68.3,5.94,12.7,6.16
2021-12-18,58.3,6.06,12.7,6.04
2021-12-19,49,5.75,12.7,6.19
2021-12-20,36,5.94,12.7,6.07
2021-12-21,47.1,5.8,15,6.07
2021-12-22,46.6,5.79,11.8,5.97
2021-12-23,54.8,5.88,66.8,6
2021-12-24,47.6,5.79,49.6,6.08
2021-12-25,53.3,6.06,40.7,5.68
2021-12-26,7.19,6.03,30.4,5.98
2021-12-27,6.15,6.02,31.4,5.91
2021-12-28,8.12,6.13,35,5.97
2021-12-29,7.91,5.82,29.7,6.07
2021-12-30,6.97,6.03,31.8,5.88
2021-12-31,9.26,5.91,43.6,5.6
2022-01-01,11.7,6.11,35.8,5.56
2022-01-02,11.1,6.03,29.2,5.83
2022-01-03,13.9,6.02,29.6,5.87
2022-01-04,13.9,6.02,31.4,5.86
2022-01-05,14.1,6.24,28.3,5.87
2022-01-06,12.9,6.17,29.1,5.59
2022-01-07,12.7,6.13,27.8,5.85
2022-01-08,10.9,6.09,57.5,5.53
2022-01-09,14.8,6.19,61.6,5.41
2022-01-10,7.63,5.9,51.1,5.65
2022-01-11,35,5.96,54.8,5.5
2022-01-12,20.2,5.78,45.7,5.67
2022-01-13,22.6,5.98,54.3,5.74
2022-01-14,7.35,6.18,40.8,5.45
2022-01-15,16.8,5.89,46.1,5.4
2022-01-16,10.9,6.04,33.4,5.77
2022-01-17,13.3,6.12,34.9,5.71
2022-01-18,12.4,6.02,31.1,5.69
2022-01-19,12.6,5.97,101,5.52
2022-01-20,12.8,6.11,97.2,5.42
2022-01-21,26.5,5.87,79.1,5.6
2022-01-22,33.2,5.91,69.1,5.51
2022-01-23,40.5,5.78,62.8,5.65
2022-01-24,38.4,5.87,60,5.59
2022-01-25,37.4,5.74,64.7,5.58
2022-01-26,38.9,5.82,76.2,5.65
2022-01-27,39.1,6.07,69.8,5.56
2022-01-28,25.2,5.87,67.1,5.48
2022-01-29,31.7,5.8,56.1,5.44
2022-01-30,20.8,6.04,55.6,5.67
2022-01-31,20.4,5.95,49.6,5.56
2022-02-01,22.7,5.76,51.6,5.58
2022-02-02,30.5,5.73,49.2,5.52
2022-02-03,25,5.79,49.2,5.64
2022-02-04,19.8,5.98,42,5.61
2022-02-05,25.9,6.03,44.6,5.64
2022-02-06,22.4,5.9,34.9,5.81
2022-02-07,26.8,5.99,39.5,5.68
2022-02-08,41.6,6.02,34.6,5.65
2022-02-09,50.4,6.02,74.3,5.75
2022-02-10,44.1,6.06,41.2,5.49
2022-02-11,31.7,6.01,39.1,5.59
2022-02-12,48.6,5.95,28.6,5.68
2022-02-13,35.4,5.98,24.7,5.84
2022-02-14,32.3,5.9,23.2,5.8
2022-02-15,33,5.85,23.3,5.68
2022-02-16,32.3,5.74,17.6,5.71
2022-02-17,37.5,6.07,20.4,5.72
2022-02-18,37.5,5.89,19.9,5.73
2022-02-19,29.2,6.01,13.3,5.96
2022-02-20,30.5,5.91,18.8,5.8
2022-02-21,28.4,5.8,10.4,5.97
2022-02-22,27.2,6.03,10.8,6
2022-02-23,26.4,6.01,17.3,5.93
2022-02-24,24.7,6.03,13.6,5.9
2022-02-25,16.2,5.85,13.6,6.01
2022-02-26,22.4,6,16.5,5.75
2022-02-27,19.7,5.81,16,5.89
2022-02-28,18,5.98,16.4,5.84
2022-03-01,19.7,6.03,13.4,5.78
2022-03-02,16.3,5.77,13.9,5.82
2022-03-03,19.2,5.98,29,5.94
2022-03-04,18.2,6.05,13.6,5.98
2022-03-05,14,6.02,30.6,6.01
2022-03-06,16.7,5.98,16.2,6.22
2022-03-07,18.6,6.01,29.3,5.94
2022-03-08,16.8,6.06,20.7,5.79
2022-03-09,18,6.08,21.4,5.81
2022-03-10,18.3,6.18,17.6,5.77
2022-03-11,15,6.1,17.5,5.8
2022-03-12,16,6.06,15.8,6
2022-03-13,20.1,6.14,45,5.96
2022-03-14,12.1,6.13,40.3,5.82
2022-03-15,12,6.05,33.1,5.82
2022-03-16,14.8,5.99,22,5.84
2022-03-17,18.1,6.13,60.6,5.58
2022-03-18,16.6,6.01,34.2,5.47
2022-03-19,13.4,5.99,27.8,5.75
2022-03-20,16.4,5.88,23.6,5.38
2022-03-21,21.1,6,16.1,5.77
2022-03-22,18.3,5.91,20.5,5.67
2022-03-23,22.3,5.97,16,5.79
2022-03-24,18,6.19,17.4,5.78
2022-03-25,17.6,6.1,17,5.67
2022-03-26,19.5,6.18,13.9,5.74
2022-03-27,12.7,5.99,15.4,5.79
2022-03-28,18,5.94,16.1,5.95
2022-03-29,12.9,6.05,12.8,5.87
2022-03-30,15.2,6.04,13.6,5.81
2022-03-31,8.27,6.17,13,5.82
2022-04-01,13.2,6.01,20.4,6.02
2022-04-02,13.5,5.84,12.7,5.98
2022-04-03,9.63,5.96,14.7,6.01
2022-04-04,14,5.93,37.7,5.93
2022-04-05,8.2,5.92,21.6,5.72
2022-04-06,15.5,6.04,18.8,5.8
2022-04-07,11.1,5.99,19.5,5.74
2022-04-08,10.3,6.05,14.6,5.86
2022-04-09,13.5,6.02,15.4,5.81
2022-04-10,10.2,6.04,12.4,5.71
2022-04-11,11.5,6.04,15.7,5.81
2022-04-12,9.38,6.09,11.3,5.76
2022-04-13,9.38,6.03,11.8,5.95
2022-04-14,9.65,5.98,12.6,5.96
2022-04-15,10.6,6.1,9.97,5.82
2022-04-16,8.85,6,10.2,6
2022-04-17,7.77,6.06,14.4,6.06
2022-04-18,8.03,6.15,13.4,5.8
2022-04-19,7.3,6.11,11.7,5.84
2022-04-20,9.05,5.96,14.4,5.94
2022-04-21,6.94,5.98,12.8,5.8
2022-04-22,6.52,6.15,14.3,6.05
2022-04-23,7.24,6.2,30.1,5.76
2022-04-24,6.21,6.19,19.8,5.68
2022-04-25,5.95,6.08,15.4,5.81
2022-04-26,8.99,6.11,15.4,6.1
2022-04-27,4.3,6.18,20.6,6.18
2022-04-28,9.29,6.09,12.1,6.1
2022-04-29,5.55,6.07,12.8,5.88
2022-04-30,4.09,6.33,12.6,5.87
2022-05-01,9.43,6,10.5,5.99
2022-05-02,6.79,6.48,12.2,5.91
2022-05-03,8.13,6.03,10.7,6.04
2022-05-04,8.95,6.29,10.8,5.82
2022-05-05,8.29,6.21,9.46,5.78
2022-05-06,7.98,6.36,11,5.88
2022-05-07,7.14,6.34,10.5,5.98
2022-05-08,6.69,6.23,10.6,5.88
2022-05-09,7.53,6.45,9.28,5.97
2022-05-10,7.71,6.49,9.3,5.93
2022-05-11,8.65,6.43,20.7,5.98
2022-05-12,7.27,6.33,9.41,5.87
2022-05-13,7.59,6.45,9.37,6.17
2022-05-14,5.09,6.61,9.53,5.95
2022-05-15,9.02,6.49,9.8,6
2022-05-16,5.42,6.49,10.2,6.05
2022-05-17,4.98,6.63,8.11,5.95
2022-05-18,4.46,6.55,28.1,5.91
2022-05-19,5.06,6.44,25.1,5.9
2022-05-20,5.92,6.48,16.9,5.88
2022-05-21,9.03,6.21,14.9,5.97
2022-05-22,6.55,6.41,14.8,5.87
2022-05-23,4.72,6.55,14.3,5.92
2022-05-24,4.07,6.55,13.05,5.94
2022-05-25,4.86,6.53,15.7,5.89
2022-05-26,4.05,6.46,11.3,6.16
2022-05-27,5.64,6.41,14.2,5.93
2022-05-28,5.06,6.46,14.7,5.78
2022-05-29,4.01,6.47,13.8,5.91
2022-05-30,3.84,6.6,10.2,6.08
2022-05-31,3.9,6.53,9.25,5.91
2022-06-01,3.53,6.58,10.7,6.16
2022-06-02,3.52,6.61,18.4,5.94
2022-06-03,3.2,6.59,8.45,5.97
2022-06-04,5.09,6.27,9.59,5.96
2022-06-05,4.64,6.45,15.7,6.04
2022-06-06,5.23,6.37,9.73,5.91
2022-06-07,3.34,6.53,8.91,5.96
2022-06-08,3.15,6.66,9.1,6
2022-06-09,2.83,6.79,13.6,6
2022-06-10,3.15,6.69,11.7,6.04
2022-06-11,3.17,6.73,10.3,6.09
2022-06-12,2.55,6.5,10.4,5.48
2022-06-13,3.56,6.5,10.3,6.27
2022-06-14,2.81,6.68,11.5,6.11
2022-06-15,3.1,6.49,10.6,6.13
2022-06-16,2.9,6.63,10.6,6.11
2022-06-17,4.65,6.5,19,6.01
2022-06-18,3.28,6.58,49.5,5.95
2022-06-19,4.52,6.43,18.8,5.94
2022-06-20,3.16,6.52,18.7,6.02
2022-06-21,3.59,6.69,16.8,6.07
2022-06-22,3.72,6.65,16.9,6.1
2022-06-23,3.86,6.68,14.1,6.5
2022-06-24,4.03,6.55,14.8,5.92
2022-06-25,4.04,6.46,14.8,5.94
2022-06-26,3.69,6.68,,
2022-06-27,3.67,6.37,,
2022-06-28,3.6,6.4,,
2022-06-29,3.77,6.73,,
2022-06-30,3.28,6.51,,
2022-07-01,3.48,6.6,,
2022-07-02,3.48,6.65,,
2022-07-03,3.22,6.51,,
2022-07-04,3.88,6.51,,
2022-07-05,3.9,6.49,,
2022-07-06,3.76,6.66,,
2022-07-07,3.28,6.52,,
2022-07-08,4.33,6.59,,
2022-07-09,3.36,6.56,,
2022-07-10,4.41,6.73,,
2022-07-11,4.45,6.69,,
2022-07-12,4.44,6.64,,
2022-07-13,4.4,6.7,,
2022-07-14,4.58,6.41,,
2022-07-15,4.48,6.65,,
2022-07-16,4.39,6.54,,
2022-07-17,4.24,6.41,,
2022-07-18,4.04,6.67,,
2022-07-19,4.14,6.64,,
2022-07-20,4.06,6.61,,
2022-07-21,3.93,6.65,,
2022-07-22,3.94,6.74,,
2022-07-23,3.86,6.75,,
2022-07-24,4.27,6.79,,
2022-07-25,4.38,6.7,,
2022-07-26,4.25,6.68,,
2022-07-27,4.09,6.78,,
2022-07-28,4.17,6.53,,
2022-07-29,4.38,6.61,,
2022-07-30,4.63,6.67,,
2022-07-31,3.03,6.77,,
2022-08-01,4.04,6.58,,
2022-08-02,5.61,7.52,,
2022-08-05,4.75,7.09,,
2022-08-06,5.02,7.19,,
2022-08-07,5.19,7.03,,
2022-08-08,5.54,6.62,,
2022-08-09,6.13,7.34,,
2022-08-10,6.28,7.35,,
2022-08-11,5.84,7.47,,
2022-08-12,5.22,7.56,,
2022-08-13,5.91,7.36,,
2022-08-14,5.6,7.22,,
2022-08-15,5.05,7.15,,
2022-08-16,4.22,7.37,,
2022-08-17,4.21,7.38,,
2022-08-18,4.16,7.65,,
2022-08-19,4.26,7.27,,
2022-08-20,4.22,7.46,,
2022-08-21,4.71,7.48,,
2022-08-22,5.19,7.41,,
2022-08-23,4.49,7.5,,
2022-08-24,4.27,7.35,,
2022-08-25,4.41,7.42,,
2022-08-26,4.64,7.1,,
2022-08-27,4.26,7.01,,
2022-08-28,3.68,6.77,,
2022-08-29,3.57,7.12,,
2022-08-30,4.73,7.16,,
2022-08-31,18.4,6.81,,
2022-09-01,19.8,6.15,,
2022-09-02,11.3,6.21,,
2022-09-03,18.1,6.29,,
2022-09-04,15.2,6.42,,
2022-09-05,15.4,6.31,,
2022-09-06,16.4,6.2,,
2022-09-07,11.6,6.03,,
2022-09-08,18.8,6.57,,
2022-09-09,7.85,6.46,,
2022-09-10,20.7,6.5,,
2022-09-11,18,6.16,,
2022-09-12,18.6,6.42,,
2022-09-13,14.3,6.47,,
2022-09-14,20.3,6.11,,
2022-09-15,12.1,6.11,,
2022-09-16,11.7,6.19,,
2022-09-17,11.1,6.17,,
2022-09-18,9.03,6.41,,
2022-09-19,11.7,6.51,,
2022-09-20,10.2,6.45,,
2022-09-21,11.4,6.3,,
2022-09-22,12.4,6.52,,
2022-09-23,7.03,6.24,,
2022-09-24,10.1,6.45,,
2022-09-25,11.3,6.47,,
2022-09-26,55.1,6.46,,
2022-09-27,31.7,6.42,,
2022-09-28,29.6,6.23,,
2022-09-29,29.6,6.72,,
2022-09-30,48.8,6.58,,
2022-10-01,36.1,6.62,,
2022-10-02,32.9,6.51,,
2022-10-03,32.9,6.64,,
2022-10-04,32.5,6.62,,
2022-10-05,24.3,6.61,,
2022-10-06,30.5,6.67,,
2022-10-07,25.6,6.67,,
2022-10-08,27.9,6.67,,
2022-10-09,22.4,6.76,,
2022-10-10,29.4,6.81,,
2022-10-11,23.4,6.78,,
2022-10-12,31.7,6.72,,
2022-10-13,33.6,6.79,,
2022-10-14,42.9,6.7,,
2022-10-15,21.5,6.74,,
2022-10-16,27.5,6.72,,
2022-10-17,27.6,6.67,,
2022-10-18,28.6,6.79,,
2022-10-19,30.7,6.68,,
2022-10-20,30.8,6.67,,
2022-10-21,24.8,6.7,,
2022-10-22,29.2,6.68,,
2022-10-23,26.9,6.65,,
2022-10-24,22,6.71,,
2022-10-25,21.5,6.69,,
2022-10-26,24,6.74,,
2022-10-27,21.8,6.7,,
2022-10-28,20.9,6.72,,
2022-10-29,18,6.71,,
2022-10-30,16.2,6.68,,
2022-10-31,16.3,6.7,,
2022-11-01,15.7,6.7,,
2022-11-02,15.8,6.25,,
2022-11-03,14.4,6.16,,
2022-11-04,12.7,6.17,,
2022-11-05,13.2,6.15,,
2022-11-06,13.1,6.2,,
2022-11-07,13.2,6.24,,
2022-11-08,13.6,6.2,,
2022-11-09,12.2,6.34,,
2022-11-10,9.74,6.52,,
2022-11-11,10.7,6.58,,
2022-11-12,10.1,6.52,,
2022-11-13,9.43,6.54,,
2022-11-14,9.41,6.47,,
2022-11-15,9.29,6.55,,
2022-11-16,9.51,6.48,,
2022-11-17,9.44,6.44,,
2022-11-18,6.76,6.46,,
2022-11-19,7.71,6.47,,
2022-11-20,5.54,6.52,,
2022-11-21,4.8,6.64,,
2022-11-22,6.25,6.64,,
2022-11-23,7.92,6.58,,
2022-11-24,6.13,6.57,,
2022-11-25,7.58,6.59,,
2022-11-26,4.51,6.89,,
2022-11-27,4.35,6.71,,
2022-11-28,5.33,6.63,,
2022-11-29,5.56,6.67,,
2022-11-30,5.67,6.58,,
2022-12-01,6.25,6.53,,
2022-12-02,4.65,6.72,,
2022-12-03,5.08,6.62,,
2022-12-04,4.28,6.74,,
2022-12-05,5.62,6.63,,
2022-12-06,5.93,6.67,,
2022-12-07,3.83,6.76,,
2022-12-08,3.88,6.8,,
2022-12-09,3.63,6.98,,
2022-12-10,3.59,6.92,,
2022-12-11,3.55,6.9,,
2022-12-12,4.15,6.86,,
2022-12-13,4.87,6.68,,
2022-12-14,4.97,6.67,,
2022-12-15,4.18,6.62,,
2022-12-16,3.98,6.56,,
2022-12-17,4.15,6.63,,
2022-12-18,4.89,6.63,,
2022-12-19,4.67,6.71,,
2022-12-20,3.77,6.7,,
2022-12-21,4.59,6.58,,
2022-12-22,3.44,6.92,,
2022-12-23,5.2,6.63,,
2022-12-24,3.98,6.6,,
2022-12-25,4.39,6.69,,
2023-01-26,11.2,6.55,,
2023-01-27,11.1,6.62,,
2023-01-28,6.56,6.77,,
2023-01-29,5.78,6.79,,
2023-01-30,6.23,6.74,,
2023-01-31,6.22,6.75,,
2023-02-01,5.5,6.84,,
2023-02-02,4.96,6.91,,
2023-02-03,7.73,6.55,,
2023-02-04,5.47,6.75,,
2023-02-05,7.04,7.5,,
2023-02-06,6.15,6.57,,
2023-02-07,5.41,6.68,,
2023-02-08,7.42,6.72,,
2023-02-09,5.1,6.78,,
2023-02-10,7.41,6.13,,
2023-02-11,5.59,6.4,,
2023-02-12,9.05,6.27,,
2023-02-13,8.56,6.18,,
2023-02-14,9.78,6.24,,
2023-02-15,7.63,6.2,,
2023-02-16,6.83,6.21,,
2023-02-17,7.15,6.34,,
2023-02-18,7.43,6.25,,
2023-02-19,8.51,6.37,,
2023-02-20,8.2,6.26,,
2023-02-21,13.1,6.23,,
2023-02-22,15.1,6.26,,
2023-02-23,13.4,6.27,,
2023-02-24,7.31,6.3,,
2023-02-25,10.4,6.16,,
2023-02-26,17.4,6.12,,
2023-02-27,13.4,6.13,,
2023-02-28,13.9,6.18,,
2023-03-01,14.6,6.08,,
2023-03-02,26.2,6.19,,
2023-03-03,18.1,8.17,,
2023-03-04,18,6.19,,
2023-03-05,30.3,6.08,,
2023-03-06,39.1,6.19,,
2023-03-07,19.1,6.1,,
2023-03-08,23.6,6.18,,
2023-03-09,17.8,6.15,,
2023-03-10,16.8,6.12,,
2023-03-11,14.9,6.15,,
2023-03-12,16.5,6.14,,
2023-03-13,19.9,6.8,,
2023-03-14,16.4,6.22,,
2023-03-15,16.2,6.09,,
2023-03-16,14.7,6.2,,
2023-03-17,13.3,6.17,,
2023-03-18,16.9,6.15,,
2023-03-19,13.3,6.01,,
2023-03-20,13.7,6.03,,
2023-03-21,14.1,6.14,,
2023-03-22,14.9,5.96,,
2023-03-23,13.4,5.79,,
2023-03-24,13.2,6.08,,
2023-03-25,13,6.07,,
2023-04-26,16.3,5.29,,
2023-04-27,22.8,5.14,,
2023-04-28,39.2,6.1,,
2023-04-29,46.6,6.12,,
2023-04-30,24.4,6.06,,
2023-05-01,59.1,6.1,,
2023-05-02,55.6,5.97,,
2023-05-03,42.5,6.16,,
2023-05-04,44.8,6.15,,
2023-05-05,48,6.2,,
2023-05-06,43.7,5.96,,
2023-05-07,43.6,5.85,,
2023-05-08,38.5,6.1,,
2023-05-09,30.9,6.05,,
2023-05-10,25.7,5.83,,
2023-05-11,23.7,5.76,,
2023-05-12,23.7,5.8,,
2023-05-13,27.3,5.91,,
2023-05-14,21.3,5.81,,
2023-05-15,21.8,6.11,,
2023-05-16,24.3,5.73,,
2023-05-17,19.9,5.69,,
2023-05-18,18.3,5.76,,
2023-05-19,11.3,5.53,,
2023-05-20,20.6,5.71,,
2023-05-21,15.5,6.43,,
2023-05-22,18.9,6.27,,
2023-05-23,18.6,6.25,,
2023-05-24,14.4,6.33,,
2023-05-25,12.9,6.21,,
2023-05-26,11.9,6.17,,
2023-05-27,13,6.36,,
2023-05-28,15.1,6.41,,
2023-05-29,9.45,6.57,,
2023-05-30,7.43,6.32,,
2023-05-31,10.5,6.25,,
2023-06-01,8.25,6.37,,
2023-06-02,8.65,6.17,,
2023-06-03,7.93,6.31,,
2023-06-04,7.16,6.28,,
2023-06-05,7.86,6.53,,
2023-06-06,7.48,6.36,,
2023-06-07,7.1,6.33,,
2023-06-08,5.05,6.52,,
2023-06-09,6.33,6.54,,
2023-06-10,5.39,6.38,,
2023-06-11,6.25,6.38,,
2023-06-12,5.65,6.41,,
2023-06-13,6.65,6.3,,
2023-06-14,5.2,6.41,,
2023-06-15,5.15,6.54,,
2023-06-16,6.12,6.53,,
2023-06-17,5.77,6.48,,
2023-06-18,3.7,6.7,,
2023-06-19,4.87,6.54,,
2023-06-20,4.11,6.59,,
2023-06-21,4.85,6.63,,
2023-06-22,5.46,6.5,,
2023-06-23,5.13,6.54,,
2023-06-24,5.27,6.21,,
2023-06-25,5.14,6.52,,
2023-06-26,4.92,6.63,,
2023-06-27,4.93,6.7,,
2023-06-28,5.61,6.72,,
2023-06-29,4.77,6.7,,
2023-07-01,4.67,6.5,,
2023-07-02,3.65,6.48,,
2023-07-03,3.96,6.3,,
2023-07-04,4.27,6.42,,
2023-07-05,4.61,6.44,,
2023-07-06,3.53,6.65,,
2023-07-07,3.06,6.73,,
2023-07-08,4.72,6.51,,
2023-07-09,7.28,6.42,,
2023-07-10,4.5,6.72,,
2023-07-13,5.08,6.64,,
2023-07-14,4.37,6.66,,
2023-07-15,4.77,6.35,,
2023-07-16,5.14,6.76,,
2023-07-17,5.48,6.55,,
2023-07-18,6.25,6.57,,
2023-07-19,6.05,6.65,,
2023-07-20,6.29,6.64,,
2023-07-21,6.14,6.61,,
2023-07-22,5.72,6.74,,
2023-07-23,5.78,6.64,,
2023-07-25,5.77,6.84,,
2023-07-26,5.23,6.68,,
2023-07-27,5.51,6.69,,
2023-07-28,5.74,6.53,,
2023-07-29,5.96,6.67,,
2023-07-30,5.81,6.87,,
2023-07-31,5.07,6.8,,
2023-08-01,4.49,6.78,,
2023-08-02,4.78,6.73,,
2023-08-03,5.45,6.96,,
2023-08-04,5.1,6.95,,
2023-08-05,4.75,6.92,,
2023-08-06,7.82,6.89,,
2023-08-07,5.13,6.91,,
2023-08-08,4.4,6.89,,
2023-08-09,4.47,6.86,,
2023-08-10,4.72,6.94,,
2023-08-11,4.89,6.86,,
2023-08-12,4.51,6.92,,
2023-08-13,4.47,6.96,,
2023-08-14,4.42,6.93,,
2023-08-15,4.25,6.96,,
2023-08-16,4.4,6.96,,
2023-08-17,4.22,6.94,,
2023-08-18,4.77,6.91,,
2023-08-19,4.91,7.03,,
2023-08-20,4.7,7.02,,
2023-08-21,5.29,7,,
2023-08-22,5.24,7.04,,
2023-08-23,5.54,6.98,,
2023-08-24,4.92,6.92,,
2023-08-25,5.45,6.92,,
2023-08-26,5.74,6.93,,
2023-08-27,5.46,6.8,,
2023-08-28,6.08,6.95,,
2023-08-29,6.77,6.96,,
2023-08-30,6.22,6.84,,
2023-08-31,6.74,6.89,,
2023-09-01,6.45,6.88,,
2023-09-02,7.03,6.68,,
2023-09-03,7.33,6.71,,
2023-09-04,7.37,7.37,,
2023-09-05,7.37,7.37,,
2023-09-06,7.82,7.45,,
2023-09-07,7.98,7.65,,
2023-09-08,8.54,7.53,,
2023-09-09,8.26,7.52,,
2023-09-10,6.81,7.58,,
2023-09-11,6.1,7.54,,
2023-09-12,5.27,7.47,,
2023-09-13,4.83,7.57,,
2023-09-14,5.56,6,,
2023-09-15,4.55,6.56,,
2023-09-16,5.71,6.44,,
2023-09-17,4.7,6.45,,
2023-09-18,5.47,6.51,,
2023-09-19,6.93,6.37,,
2023-09-20,5.49,6.58,,
2023-09-21,6.51,6.57,,
2023-09-22,7.23,6.57,,
2023-09-23,7.61,6.58,,
2023-09-24,7.7,6.45,,
2023-09-25,8.71,6.45,,
2023-09-26,9.55,6.55,,
2023-09-27,9.67,6.68,,
2023-09-28,9.52,6.62,,
2023-09-29,9.25,6.63,,
2023-09-30,9.42,6.63,,
2023-10-01,9.33,6.54,,
2023-10-02,9.14,6.69,,
2023-10-03,8.92,6.64,,
2023-10-04,8.54,6.68,,
2023-10-05,8.7,6.8,,
2023-10-06,7.51,6.73,,
2023-10-07,7.2,6.68,,
2023-10-08,6.59,6.74,,
2023-10-09,5.55,6.93,,
2023-10-10,5.19,6.85,,
2023-10-11,5.45,6.85,,
2023-10-12,5.47,6.81,,
2023-10-13,5.43,6.62,,
2023-10-14,6.29,6.78,,
2023-10-15,6.18,6.87,,
2023-10-16,6.21,6.7,,
2023-10-17,6.61,6.9,,
2023-10-18,6.4,6.78,,
2023-10-19,6.21,6.8,,
2023-10-20,6.32,6.66,,
2023-10-21,6.45,6.77,,
2023-10-22,6.28,6.81,,
2023-10-23,7.58,6.84,,
2023-10-24,7.18,6.74,,
2023-10-25,6.85,6.72,,
2023-10-26,7.55,6.67,,
2023-10-27,7.38,6.6,,
2023-10-28,6.01,6.55,,
2023-10-29,8.14,6.58,,
2023-10-30,6.64,6.59,,
2023-10-31,4.66,6.63,,
2023-11-01,4.63,6.65,,
2023-11-02,4.35,6.76,,
2023-11-03,3.78,6.77,,
2023-11-04,3.95,6.67,,
2023-11-05,3.55,6.59,,
2023-11-06,3.99,6.37,,
2023-11-07,4.24,6.59,,
2023-11-08,4.45,7.72,,
2023-11-09,4.93,6.61,,
2023-11-10,4.51,6.68,,
2023-11-11,4.95,6.49,,
2023-11-12,5.28,6.49,,
2023-11-13,5.15,6.5,,
2023-11-14,5.33,6.69,,
2023-11-15,5.83,6.49,,
2023-11-16,5.34,6.58,,
2023-11-17,5.58,6.67,,
2023-11-18,5.8,6.48,,
2023-11-19,5.63,6.61,,
2023-11-20,5.4,6.54,,
2023-11-21,5.73,6.54,,
2023-11-22,6.18,6.65,,
2023-11-23,5.98,6.4,,
2023-11-24,6.46,6.51,,
2023-11-25,6.23,6.45,,
2023-11-26,7.22,6.37,,
2023-11-27,6.75,6.48,,
2023-11-28,6.7,6.34,,
2023-11-29,6.47,6.39,,
2023-11-30,6.04,6.42,,
2023-12-01,6.7,6.39,,
2023-12-02,8.05,6.78,,
2023-12-03,7.04,6.8,,
2023-12-04,6.14,6.81,,
2023-12-05,6.01,6.62,,
2023-12-06,6.56,6.34,,
2023-12-07,7.76,6.59,,
2023-12-08,6.15,6.28,,
2023-12-09,11.4,6.41,,
2023-12-10,7.92,6.37,,
2023-12-11,5.61,6.72,,
2023-12-12,4.98,6.75,,
2023-12-13,5.05,6.63,,
2023-12-14,4.87,6.76,,
2023-12-15,4.5,6.22,,
2023-12-16,5.08,6.5,,
2023-12-17,4.81,6.5,,
2023-12-18,5.1,6.58,,
2023-12-19,7.82,6.24,,
2023-12-20,7.68,6.32,,
2023-12-21,8,6.68,,
2023-12-22,7.35,6.59,,
2023-12-23,6.77,6.71,,
2023-12-24,6.45,6.77,,
2023-12-25,5.73,6.81,,
2023-12-26,7.1,6.48,,
2023-12-27,7.2,6.73,,
2023-12-28,7.1,6.36,,
2023-12-29,6.29,6.41,,
2023-12-30,6.85,6.44,,
2023-12-31,6.1,6.62,,
2024-01-01,5.82,6.6,,
2024-01-02,6.78,6.64,,
2024-01-03,24.2,6.19,,
2024-01-04,20.7,6.13,,
2024-01-05,29.8,6.24,,
2024-01-06,41.4,6.11,,
2024-01-07,17.6,6.35,,
2024-01-08,35.1,6.21,,
2024-01-09,26.1,6.21,,
2024-01-10,18.6,6.25,,
2024-01-11,16.6,6.28,,
2024-01-12,18.8,6.53,,
2024-01-13,21.4,6.33,,
2024-01-14,27.4,6.22,,
2024-01-15,36.8,6.36,,
2024-01-16,30.7,6.44,,
2024-01-17,36.7,6.24,,
2024-01-18,27.5,6.34,,
2024-01-19,28.3,6.41,,
2024-01-20,33.7,6.4,,
2024-01-21,15.6,5.95,,
2024-01-22,7.42,6.09,,
2024-01-23,8.05,6.21,,
2024-01-24,8.61,6.24,,
2024-01-25,9.28,6.42,,
2024-01-26,8.37,6.49,,
2024-01-27,9.7,6.45,,
2024-01-28,9.04,6.35,,
2024-01-29,8.23,6.36,,
2024-01-30,6.34,6.54,,
2024-01-31,5.66,6.59,,
2024-02-01,5.26,6.99,,
2024-02-02,7.98,6.54,,
2024-02-03,5.45,6.77,,
2024-02-04,5.36,6.57,,
2024-02-05,5.8,6.68,,
2024-02-06,5.02,6.78,,
2024-02-07,6.21,6.71,,
2024-02-08,16.5,6.75,,
2024-02-09,8.42,6.78,,
2024-02-10,5.93,6.2,,
2024-02-11,5.57,6.69,,
2024-02-12,20.5,6.6,,
2024-02-13,18.3,6.61,,
2024-02-14,13.2,6.61,,
2024-02-15,13.8,6.62,,
2024-02-16,11.3,6.46,,
2024-02-17,12.8,6.51,,
2024-02-18,10.3,6.5,,
2024-02-19,6.81,6.65,,
2024-02-20,8.58,6.53,,
2024-02-21,6.71,6.53,,
2024-02-22,6.24,6.7,,
2024-02-23,8.59,6.46,,
2024-02-24,6.23,6.7,,
2024-02-25,7.28,6.61,,
2024-02-26,6.88,6.78,,
2024-02-27,6.98,6.57,,
2024-02-28,7,6.57,,
2024-02-29,5.52,6.66,,
2024-03-01,6.05,6.62,,
2024-03-02,5.97,6.64,,
2024-03-03,5.97,6.64,,
2024-03-04,6.02,6.47,,
2024-03-05,4.91,6.51,,
2024-03-06,4.93,6.5,,
2024-03-07,5.74,6.67,,
2024-03-08,6.03,6.58,,
2024-03-09,4.57,6.56,,
2024-03-10,5.2,6.61,,
2024-03-11,5.44,6.53,,
2024-03-12,6.2,6.44,,
2024-03-13,6.95,6.44,,
2024-03-14,4.86,6.41,,
2024-03-15,4.72,6.57,,
2024-03-16,4.68,6.39,,
2024-03-17,3.89,6.59,,
2024-03-18,4.09,6.58,,
2024-03-19,4.2,6.62,,
2024-03-20,4.7,6.34,,
2024-03-21,3.31,6.64,,
2024-03-22,4.65,6.54,,
2024-03-23,5.18,6.54,,
2024-03-24,4.5,6.58,,
2024-03-25,3.82,6.7,,
2024-03-26,3.87,6.84,,
2024-03-27,3.92,6.77,,
2024-03-28,5.13,6.74,,
2024-03-29,3.11,6.78,,
2024-03-30,3.9,6.68,,
2024-03-31,3.9,6.71,,
2024-04-01,6.19,6.64,,
2024-04-02,6.63,6.62,,
2024-04-03,4.91,6.63,,
2024-04-04,7.07,6.49,,
2024-04-05,7.07,6.58,,
2024-04-06,5.98,6.78,,
2024-04-07,6.25,6.65,,
2024-04-08,6.52,6.47,,
2024-04-09,3.05,6.78,,
2024-04-10,6.22,6.61,,
2024-04-11,3.97,6.61,,
2024-04-12,3.21,6.73,,
2024-04-13,2.4,6.68,,
2024-04-14,2.45,6.62,,
2024-04-15,2.88,6.61,,
2024-04-16,2.6,6.63,,
2024-04-17,3.05,6.68,,
2024-04-18,3.54,6.58,,
2024-04-19,2.51,6.7,,
2024-04-20,2.65,6.64,,
2024-04-21,2.7,6.65,,
2024-04-22,2.44,6.72,,
2024-04-23,4.53,6.49,,
2024-04-24,2.98,6.6,,
2024-04-25,2.87,6.58,,
2024-04-26,6.12,6.56,,
2024-04-27,5.25,6.51,,
2024-04-28,4.48,6.55,,
2024-04-29,4.84,6.57,,
2024-04-30,5.42,6.15,,
2024-05-01,7.68,6.43,,
2024-05-02,7.51,6.45,,
2024-05-03,4.28,6.51,,
2024-05-04,4.28,6.51,,
2024-05-05,4.93,6.47,,
2024-05-06,8.72,6.6,,
2024-05-07,9.74,6.51,,
2024-05-08,7.55,6.62,,
2024-05-09,11.7,6.46,,
2024-05-10,7.08,6.54,,
2024-05-11,6.84,6.5,,
2024-05-12,5.41,6.55,,
2024-05-13,5.05,6.55,,
2024-05-14,3.78,6.5,,
2024-05-15,3.6,6.58,,
2024-05-16,3.43,6.5,,
2024-05-17,3.01,6.47,,
2024-05-18,3.51,6.45,,
2024-05-19,3.8,6.49,,
2024-05-20,4.17,6.38,,
2024-05-21,3.44,6.38,,
2024-05-22,3.78,6.32,,
2024-05-23,4.63,6.48,,
2024-05-24,4.3,6.45,,
2024-05-25,4.03,6.47,,
2024-06-01,6.33,6.45,,
2024-06-02,6.64,6.37,,
2024-06-03,6.38,6.44,,
2024-06-04,53.4,6.18,,
2024-06-05,39.2,6.17,,
2024-06-06,42.2,6.09,,
2024-06-07,40.8,6.08,,
2024-06-08,43.3,5.98,,
2024-06-09,46.5,5.93,,
2024-06-10,49.2,5.94,,
2024-06-11,38.4,6.12,,
2024-06-12,43.2,6.09,,
2024-06-13,41.3,6.05,,
2024-06-14,40.9,6.18,,
2024-06-15,20.8,6.27,,
2024-06-16,34.2,6.1,,
2024-06-17,19.6,6.28,,
2024-06-18,29.3,6.12,,
2024-06-19,36.3,6.09,,
2024-06-20,25.5,6.2,,
2024-06-21,36.6,6.23,,
2024-06-22,10.1,6.22,,
2024-06-23,13.2,6.44,,
2024-06-24,15.6,6.27,,
2024-06-25,14.6,6.23,,
2024-06-26,13,6.27,17.1,6.06
2024-06-27,10.5,6.47,15.5,6.21
2024-06-28,9.89,6.37,18.4,6.28
2024-06-29,15.6,6.3,15.4,5.9
2024-06-30,15.7,6.3,15.6,5.95
2024-07-01,14.3,6.28,14.3,6.1
2024-07-02,14.5,6.3,14.2,6.04
2024-07-03,14.9,6.27,12.4,6.13
2024-07-04,25.3,6.25,11.4,6.26
2024-07-05,17,6.15,13.9,6.35
2024-07-06,24,6.2,14.5,6
2024-07-07,17.6,6.25,12.6,5.96
2024-07-08,17.7,6.34,15.7,6.1
2024-07-09,23.9,6.31,14.2,6.12
2024-07-10,18.8,6.36,13.03,6.12
2024-07-11,31.4,6.26,16.2,6.12
2024-07-12,22.5,6.2,17.4,5.97
2024-07-13,19.2,6.48,15.5,6.07
2024-07-14,13.7,6.45,16.3,6.01
2024-07-15,11.4,6.37,15.6,6.06
2024-07-16,12.2,6.28,21.3,5.87
2024-07-17,10.6,6.32,12.7,6.16
2024-07-18,10.7,6.34,12.7,6.04
2024-07-19,8.44,6.43,12.7,6.19
2024-07-20,7.8,6.31,12.7,6.07
2024-07-21,7.4,6.23,15,6.07
2024-07-22,8.05,6.3,11.8,5.97
2024-07-23,8.47,6.24,11.23,6.11
2024-07-24,6.69,6.36,10.26,6.1
2024-07-25,7.16,6.43,10.02,6.12
2024-07-26,5.92,6.43,13.9,5.74
2024-07-27,5.83,6.52,15.4,5.79
2024-07-28,6.21,6.36,16.1,5.95
2024-07-29,7.09,6.3,12.8,5.87
2024-07-30,7.14,6.29,13.6,5.81
2024-07-31,6.15,6.18,13,5.82
2024-08-01,6.4,6.41,20.4,6.02
2024-08-02,5.82,6.28,12.7,5.98
2024-08-03,6.77,6.24,14.7,6.01
2024-08-04,6.06,6.26,37.7,5.93
2024-08-05,7.95,6.23,21.6,5.72
2024-08-06,8.28,6.35,18.8,5.8
2024-08-07,7.74,6.28,19.5,5.74
2024-08-08,8.17,6.46,14.6,5.86
2024-08-09,10.3,6.51,15.4,5.81
2024-08-10,13,6.34,12.4,5.71
2024-08-11,28.4,6.2,15.7,5.81
2024-08-12,21.6,6.33,11.3,5.76
2024-08-13,29.1,6.26,11.8,5.95
2024-08-14,34.2,6.37,12.6,5.96
2024-08-15,20.7,6.73,9.97,5.82
2024-08-16,23.5,6.35,10.2,6
2024-08-17,18.5,6.3,14.4,6.06
2024-08-18,21,6.23,13.4,5.8
2024-08-19,24.8,6.11,11.7,5.84
2024-08-20,22.9,6.2,14.4,5.94
2024-08-21,29.3,6.25,12.8,5.8
2024-08-22,24,6.35,14.3,6.05
2024-08-23,11.4,6.41,30.1,5.76
2024-08-24,27.4,6.26,19.8,5.68
2024-08-25,18.3,6.22,15.4,5.81
2024-08-26,15.1,6.4,15.4,6.1
2024-08-27,18.8,6.36,20.6,6.18
2024-08-28,11.2,6.39,12.1,6.1
2024-08-29,15.8,6.24,12.8,5.88
2024-08-30,37.5,6.05,12.6,5.87
2024-08-31,27.1,6.06,10.5,5.99
2024-09-01,17.7,6.19,12.2,5.91
2024-09-02,21.6,6.17,10.7,6.04
2024-09-03,25.8,6.07,10.8,5.82
2024-09-04,28.1,6.02,9.46,5.78
2024-09-05,31.7,5.79,11,5.88
2024-09-06,25.6,5.78,10.5,5.98
2024-09-07,23.4,5.88,10.6,5.88
2024-09-08,20.7,6.04,9.28,5.97
2024-09-09,20.2,5.87,9.3,5.93
2024-09-10,24.5,5.95,10.7,5.98
2024-09-11,19.3,5.91,9.41,5.87
2024-09-12,20.8,6.07,9.37,6.17
2024-09-13,17.9,5.95,9.53,5.95
2024-09-14,14.3,6.09,9.8,6
2024-09-15,11.7,6.21,10.2,6.05
2024-09-16,9.09,6.32,8.11,5.95
2024-09-17,8.3,6.29,18.1,5.91
2024-09-18,8.05,6.25,15.1,5.9
2024-09-19,8.5,6.48,16.9,5.88
2024-09-20,7.17,6.31,14.9,5.97
2024-09-21,5.86,6.39,14.8,5.87
2024-09-22,9.37,6.17,14.3,5.92
2024-09-23,6.67,6.25,13.05,5.94
2024-09-24,11,6.04,15.7,5.89
2024-09-25,6.29,6.21,14.23,5.99
2024-09-26,9.26,6.07,11.3,6.16
2024-09-27,8.81,6.11,14.2,5.93
2024-09-28,8.07,6.16,14.7,5.78
2024-09-29,6.67,6.18,13.8,5.91
2024-09-30,7.36,6.12,10.2,6.08
2024-10-01,10.1,6.21,9.25,5.91
2024-10-02,8.07,6.18,10.7,6.16
2024-10-03,9.58,6.26,18.4,5.94
2024-10-04,7.83,6.23,8.45,5.97
2024-10-05,5.35,6.15,9.59,5.96
2024-10-06,8.29,6.21,15.7,6.04
2024-10-07,4.61,6.25,9.73,5.91
2024-10-08,5.95,6.21,8.91,5.96
2024-10-09,11.2,6.22,9.1,6
2024-10-10,6.22,6.5,13.6,6
2024-10-11,10.5,6.14,11.7,6.04
2024-10-12,6.08,6.18,10.3,6.09
2024-10-13,7.71,6.01,10.4,5.48
2024-10-14,8.15,6.17,10.3,6.27
2024-10-15,7.65,6.11,11.5,6.11
2024-10-16,10.4,6.26,10.6,6.13
2024-10-17,21,6.12,13.2,6.11
2024-10-18,16.2,6.24,16,6.01
2024-10-19,11.2,6.1,19.5,5.95
2024-10-20,7.91,6.28,18.8,5.94
2024-10-21,10.2,6.22,18.7,6.02
2024-10-22,7.1,6.42,16.8,6.07
2024-10-23,6.73,6.29,16.9,6.1
2024-10-24,6.6,6.37,14.1,6.5
2024-10-25,5.59,6.45,14.8,5.92
2024-10-26,6.19,6.47,24,6.74
2024-10-27,9.25,6.32,21.8,6.7
2024-10-28,4.95,6.48,20.9,6.72
2024-10-29,6.25,6.49,18,6.71
2024-10-30,5.7,6.32,16.2,6.68
2024-10-31,5.15,6.39,16.3,6.7
2024-11-01,5.73,6.21,15.7,6.7
2024-11-02,4.87,6.22,15.8,6.25
2024-11-03,5.27,6.24,14.4,6.16
2024-11-04,3.89,6.34,12.7,6.17
2024-11-05,5.16,6.24,13.2,6.15
2024-11-06,4.56,6.35,13.1,6.2
2024-11-07,8.74,6.2,13.2,6.24
2024-11-08,8.67,6.25,13.6,6.2
2024-11-09,4.85,6.35,12.2,6.34
2024-11-10,13.6,6.17,9.74,6.52
2024-11-11,9.05,6.18,10.7,6.58
2024-11-12,12.4,6.4,10.1,6.52
2024-11-13,11.1,6.14,9.43,6.54
2024-11-14,8.12,6.28,9.41,6.47
2024-11-15,9.05,6.34,9.29,6.55
2024-11-16,12.1,6.21,9.51,6.48
2024-11-17,12.9,6.24,9.44,6.44
2024-11-18,8.9,6.24,6.76,6.46
2024-11-19,8.67,6.15,7.71,6.47
2024-11-20,7.74,6.22,5.54,6.52
2024-11-21,7.52,6.14,4.8,6.64
2024-11-22,9.83,6.23,6.25,6.64
2024-11-23,9.84,6.63,7.92,6.58
2024-11-24,13.5,6.54,6.13,6.57
2024-11-25,13.3,6.47,7.58,6.59
2024-11-26,11.7,6.25,19.5,6.18
2024-11-27,13.7,6.23,12.7,5.99
2024-11-28,8.93,6.19,18,5.94
2024-11-29,10.1,6.2,12.9,6.05
2024-11-30,8.62,6.13,15.2,6.04
2024-12-01,7.96,6.24,8.27,6.17
2024-12-02,8.85,6.25,13.2,6.01
2024-12-03,13.7,6.12,13.5,5.84
2024-12-04,13.8,6.13,9.63,5.96
2024-12-05,12.1,6.15,14,5.93
2024-12-06,13.2,6.12,8.2,5.92
2024-12-07,15.7,6.15,15.5,6.04
2024-12-08,15.7,6.15,11.1,5.99
2024-12-09,13,6.22,10.3,6.05
2024-12-10,8.27,6.14,13.5,6.02
2024-12-11,10.5,6.15,10.2,6.04
2024-12-12,10.8,6.58,11.5,6.04
2024-12-13,12.5,6.12,9.38,6.09
2024-12-14,11.2,6.13,9.38,6.03
2024-12-15,10.7,6.16,9.65,5.98
2024-12-16,11.5,6.22,10.6,6.1
2024-12-17,8.43,6.12,8.85,6
2024-12-18,4.3,6.1,7.77,6.06
2024-12-19,9.93,6.14,8.03,6.15
2024-12-20,10,6.16,7.3,6.11
2024-12-21,7.02,6.16,9.05,5.96
2024-12-22,11.6,6.12,6.94,5.98
2024-12-23,6.54,6.18,6.52,6.15
2024-12-24,21.7,6.25,7.24,6.2
2024-12-25,22.9,6.13,6.21,6.19
2024-12-26,11.7,6.25,,
2024-12-27,13.7,6.23,,
2024-12-28,8.93,6.19,,
2024-12-29,10.1,6.2,,
2024-12-30,8.62,6.13,,
2024-12-31,8.62,6.13,,
2025-01-01,7.96,6.24,,
2025-01-02,8.85,6.25,,
2025-01-03,13.7,6.12,,
2025-01-04,13.8,6.13,,
2025-01-05,12.1,6.15,,
2025-01-06,13.2,6.12,,
2025-01-07,15.7,6.15,,
2025-01-08,15.7,6.15,,
2025-01-09,13,6.22,,
2025-01-10,8.27,6.14,,
2025-01-11,10.5,6.15,,
2025-01-12,10.8,6.58,,
2025-01-13,12.5,6.12,,
2025-01-14,11.2,6.13,,
2025-01-15,10.7,6.16,,
2025-01-16,11.5,6.22,,
2025-01-17,8.43,6.12,,
2025-01-18,4.3,6.1,,
2025-01-19,9.93,6.14,,
2025-01-20,10,6.16,,
2025-01-21,7.02,6.16,,
2025-01-22,11.6,6.12,,
2025-01-23,6.54,6.18,,
2025-01-24,21.7,6.25,,
2025-01-25,22.9,6.13,,
2025-01-26,33.6,6.08,10,6.1
2025-01-27,37.7,6.07,9.5,7.23
2025-01-28,33.7,5.54,9.7,5.89
2025-01-29,51.8,6.12,11.7,6.32
2025-01-30,47.3,6.07,10.5,7.2
2025-01-31,54.7,6.08,9.5,6.4
2025-02-01,31.6,6.01,9.23,6.71
2025-02-02,39.5,6.12,11.2,5.84
2025-02-03,22.8,5.97,10,6.67
2025-02-04,41.3,5.96,9.3,6.8
2025-02-05,25.7,5.85,9.55,6.98
2025-02-06,31.9,6.09,9.67,7.06
2025-02-07,23.5,6.19,10.27,6
2025-02-08,25.8,6.18,10.36,6.2
2025-02-09,26.1,6.17,9.47,7.41
2025-02-10,27.9,6.27,9.98,6.25
2025-02-11,25.4,6.15,10.09,6.49
2025-02-12,26.3,6.24,9.88,6.54
2025-02-13,21.5,6.13,10.02,6.32
2025-02-14,36.5,6.19,11.33,5.9
2025-02-15,20.6,6.19,9.84,6.77
2025-02-16,16.7,6.15,9.61,6.2
2025-02-17,21,6.14,10.55,6.46
2025-02-18,18.1,6.17,10.23,6.52
2025-02-19,15.6,6.21,10.96,6.33
2025-02-20,14.8,6.12,9.64,6.52
2025-02-21,16,6.12,9.74,6.69
2025-02-22,12.7,6.1,9.2,7.12
2025-02-23,14.4,6.1,11.02,6.28
2025-02-24,12.6,6.12,10.65,6.98
2025-02-25,12.5,6.1,10.79,6.86
2025-02-26,15.5,6.07,11.23,7.45
2025-02-27,14.6,5.97,10.29,7.77
2025-02-28,12.3,6.08,12.77,6.34
2025-03-01,12.5,6.02,8.96,6.12
2025-03-02,9.27,6,11.2,5.97
2025-03-03,9.68,5.98,10.11,7.55
2025-03-04,8.36,6,9.66,6.98
2025-03-05,10.4,6.02,12.1,6.48
2025-03-06,7.62,5.94,9.87,7.89
2025-03-07,11.1,6.01,10.78,7.7
2025-03-08,21.8,6.02,11.24,6.12
2025-03-09,17.7,6.04,12,7.45
2025-03-10,16.2,5.93,11.96,6.37
2025-03-11,20.4,6.08,10.73,6.99
2025-03-12,26.4,6.1,12.07,6.69
2025-03-13,21.3,6.4,11.64,6.64
2025-03-14,21,6.12,11.33,5.96
2025-03-15,25.6,5.98,10.23,6.12
2025-03-16,34.8,6.03,9.61,7.46
2025-03-17,34.5,5,10.55,6.73
2025-03-18,39.1,6.18,11.25,7.65
2025-03-19,29.5,6.26,10.96,7.14
2025-03-20,13.4,6.35,9.67,7
2025-03-21,34.9,6.32,9.82,6.11
2025-03-22,38.2,6.18,10.73,6.45
2025-03-23,48.9,6.16,11.02,6.77
2025-03-24,21.4,6.18,11.88,7.69
2025-03-25,25.8,6.17,11.29,6.61
2025-03-26,33.6,6.08,9.5,5.95
2025-03-27,37.7,6.07,10.5,6
2025-03-28,33.7,5.54,11,6.04
2025-03-29,51.8,6.12,9,6.07
2025-03-30,47.3,6.07,8,6.02
2025-03-31,54.7,6.08,9.5,6.07
2025-04-01,31.6,6.01,9,6.05
2025-04-02,39.5,6.12,10,6.1
2025-04-03,22.8,5.97,11,6.12
2025-04-04,41.3,5.96,9,6.15
2025-04-05,25.7,5.85,8,5.9
2025-04-06,31.9,6.09,10,5.95
2025-04-07,23.5,6.19,11,6.08
2025-04-08,25.8,6.18,7,6.09
2025-04-09,26.1,6.17,9,6.07
2025-04-10,27.9,6.27,8,6
2025-04-11,25.4,6.15,10,5.9
2025-04-12,26.3,6.24,12,6.03
2025-04-13,21.5,6.13,11,6
2025-04-14,36.5,6.19,9.5,5.95
2025-04-15,20.6,6.19,7.5,6.07
2025-04-16,16.7,6.15,10.5,6
2025-04-17,21,6.14,8.5,6.1
2025-04-18,18.1,6.17,11,6.04
2025-04-19,15.6,6.21,10.5,6.05
2025-04-20,14.8,6.12,8.5,6.08
2025-04-21,16,6.12,9,6.02
2025-04-22,12.7,6.1,11.5,6.02
2025-04-23,14.4,6.1,10.5,6.05
2025-04-24,12.6,6.12,7.5,6.1
2025-04-25,12.5,6.1,9,6
2025-04-26,18.3,6.43,,
2025-04-27,14.8,6.35,,
2025-04-28,13.1,6.4,,
2025-04-29,14.3,6.39,,
2025-04-30,12.9,6.37,,
2025-05-01,14.4,6.46,,
2025-05-02,15.1,6.64,,
2025-05-03,12.3,6.12,,
2025-05-04,1.47,6.22,,
2025-05-05,16,6.63,,
2025-05-06,13.6,6.68,,
2025-05-07,14,6.63,,
2025-05-08,20.5,6.53,,
2025-05-09,18.5,6.5,,
2025-05-10,20,6.49,,
2025-05-11,11.2,6.5,,
2025-05-12,10.3,6.61,,
2025-05-13,13.7,6.57,,
2025-05-14,15.1,6.66,,
2025-05-15,15.7,6.65,,
2025-05-16,1.4,6.51,,
2025-05-17,28.4,6.59,,
2025-05-18,36.7,6.55,,
2025-05-19,47.6,6.55,,
2025-05-20,52.3,6.55,,
2025-05-21,51,6.49,,
2025-05-22,45.2,6.51,,
2025-05-23,52.7,6.42,,
2025-05-24,47.3,6.49,,
2025-05-25,15.3,6.39,,
2025-05-26,38.6,6.5,20.5,6.05
2025-05-27,35.9,6.6,30.6,6
2025-05-28,53.5,6.55,40.5,6.02
2025-05-29,47,6.48,25.5,6.1
2025-05-30,31.1,6.57,30.5,5.96
2025-06-01,45.1,7.02,11.7,6.05
2025-06-02,40.1,6.6,9.8,5.98
2025-06-03,42.8,6.66,10.3,5.9
2025-06-04,41.3,6.5,11,6.05
2025-06-05,40.3,6.5,12.4,6.1
2025-06-06,34.1,6.48,9.95,6.08
2025-06-07,28.4,6.52,10,6.03
2025-06-08,27.1,6.5,9.8,5.9
2025-06-09,30.2,6.69,11.8,6
2025-06-10,28.5,6.42,12.1,6.1
2025-06-11,29.1,6.47,11.4,6.02
2025-06-12,25.4,6.48,9.9,6.1
2025-06-13,24.7,6.5,10.4,5.85
2025-06-14,22.7,6.53,9.78,5.9
2025-06-15,22.9,6.45,8.9,6.04
2025-06-16,23.7,6.49,9,6.07
2025-06-17,19.2,6.46,11.3,6
2025-06-18,18.2,6.44,10.2,6.1
2025-06-19,18.5,6.53,9.95,5.88
2025-06-20,16.4,6.53,8.9,5.85
2025-06-21,24.1,6.54,9.95,5.91
2025-06-22,19.3,6.46,11.2,6.1
2025-06-23,20.5,6.46,12.4,6.05
2025-06-24,18.1,6.45,10.9,6.08
2025-06-25,15.6,6.47,9.88,6.04
2025-06-26,14.8,6.6,8.98,6.07
2025-06-27,9.25,6.55,10.5,6.1
2025-06-28,15.7,6.43,11.7,6.13
2025-06-29,14.1,6.52,9.8,6.16
2025-06-30,14.5,6.61,10.2,6.19
2025-07-02,,,,6
2025-07-09,10,,11,
2025-07-12,,,10,
2025-07-14,,,,6
2025-07-16,10,,,
2025-07-18,11,,,
2025-07-19,16,,,
2025-07-21,,,9,
2025-07-22,,,,6
2025-08-01,10.3,6.6,10.5,6.05
2025-08-02,8.94,6.69,15.6,6
2025-08-03,8.59,6.57,10.5,6.02
2025-08-04,10.6,6.49,15.5,6.1
2025-08-05,9.34,6.18,10.5,5.96
2025-08-06,9.47,6.6,11.7,6.05
2025-08-07,10.7,6.65,9.8,5.98
2025-08-08,9.44,6.65,10.3,5.9
2025-08-09,9.94,6.61,11,6.05
2025-08-10,13,6.71,12.4,6.1
2025-08-11,12.1,6.69,9.95,6.08
2025-08-12,11.7,6.7,10,6.03
2025-08-13,14.2,6.65,9.8,5.9
2025-08-14,14.9,6.63,11.8,6
2025-08-15,15.2,6.63,12.1,6.1
2025-08-16,15.3,6.65,11.4,6.02
2025-08-17,14.9,6.42,9.9,6.1
2025-08-18,14,6.63,10.4,5.85
2025-08-19,14,6.55,9.78,5.9
2025-08-20,12.5,6.6,9.9,6.04
2025-08-21,13.1,6.45,9,6.07
2025-08-22,10.8,6.55,11.3,6
2025-08-23,10,6.48,10.2,6.1
2025-08-24,9.85,6.45,9.95,5.88
2025-08-25,107,6.57,9.9,5.85
2025-08-26,10.5,6.65,9.95,5.91
2025-08-27,10.55,,11.2,6.1
2025-08-28,10.51,,12.4,6.05
2025-08-29,9.56,6.58,10.9,6.08
2025-08-30,9.81,6.77,9.88,6.04
2025-08-31,8.98,6.64,9.98,6.07
2025-09-01,9.07,6.54,10.5,6.05
2025-09-02,9.27,6.57,15.6,6
2025-09-03,7.86,6.53,10.5,6.02
2025-09-04,8.21,6.6,15.5,6.1
2025-09-05,8.6,6.5,10.5,5.96
2025-09-06,8.41,6.52,11.7,6.05
2025-09-07,8.29,6.43,9.8,5.98
2025-09-08,8.15,6.59,10.3,5.9
2025-09-09,8.67,6.49,11,6.05
2025-09-10,8.95,6.46,12.4,6.1
2025-09-11,8.7,6.51,9.95,6.08
2025-09-12,8.87,6.62,10,6.03
2025-09-13,10.7,6.61,9.8,5.9
2025-09-14,9.19,6.51,11.8,6
2025-09-15,8.65,6.52,12.1,6.1
2025-09-16,9.87,6.43,11.4,6.02
2025-09-17,7.96,6.51,9.9,6.1
2025-09-18,8.22,6.53,10.4,5.85
2025-09-19,7.18,6.47,9.78,5.9
2025-09-20,6.69,6.59,9.9,6.04
2025-09-21,7.95,6.38,9,6.07
2025-09-22,5.87,6.6,11.3,6
2025-09-23,5.93,6.58,10.2,6.1
2025-09-24,6.53,6.53,9.95,5.88
2025-09-25,6.87,6.5,9.9,5.85
2025-09-26,6.95,6.47,9.95,5.91
2025-09-27,5.92,6.7,11.2,6.1
2025-09-28,6.76,6.42,12.4,6.05
2025-09-29,6.26,6.42,10.9,6.08
2025-09-30,6.53,6.28,9.88,6.04
2025-10-01,5.71,6.14,6,6.05
2025-10-02,3.04,6.4,5,6
2025-10-03,4.37,6.62,7,6.02
2025-10-04,4.7,6.62,8,6.1
2025-10-05,4.21,6.54,7,5.96
2025-10-06,4.7,6.42,6,6.05
2025-10-07,4.76,6.36,9.8,5.98
2025-10-08,4.64,6.3,7,5.9
2025-10-09,4.06,6.45,6,6.05
2025-10-10,3.62,6.49,7,6.1
2025-10-11,3.06,6.48,9.95,6.08
2025-10-12,3.4,6.51,6,6.03
2025-10-13,3.36,6.38,9.8,5.9
2025-10-14,3.8,6.24,7,6
2025-10-15,2.8,6.57,6,6.1
2025-10-16,3.2,6.6,7,6.02
2025-10-17,3.36,6.64,9.9,6.1
2025-10-18,3.48,6.55,6,5.85
2025-10-19,3.5,6.43,9.78,5.9
2025-10-20,3.56,6.36,9.9,6.04
2025-10-21,4.34,6.36,9,6.07
2025-10-22,5.09,6.44,7,6
2025-10-23,4.15,6.53,6.5,6.1
2025-10-24,3.75,6.45,9.95,5.88
2025-10-25,4.12,6.47,9.9,5.85
2025-10-26,3.91,6.46,9.95,5.91
2025-10-27,4.11,6.36,5.5,6.1
2025-10-28,3.16,6.33,6.7,6.05
2025-10-29,3.42,6.36,6.56,6
2025-10-30,4.21,6.36,10.6,6.08
2025-10-31,4.9,6.4,9.88,6.04
2025-11-01,55.3,6,6,6.05
2025-11-02,92.7,6.05,5,6
2025-11-03,50.1,5.91,7,6.02
2025-11-04,36.9,5.98,8,6.1
2025-11-05,35.8,6.11,7,5.96
2025-11-06,21.3,6.09,6,6.05
2025-11-07,26.7,6.02,6.5,5.98
2025-11-08,17.4,6.08,7,5.9
2025-11-09,27.4,6.08,6,6.05
2025-11-10,26.7,6,7,6.1
2025-11-11,28.9,6.1,7.2,6.08
2025-11-12,23.7,6.28,6,6.03
2025-11-13,29.3,6.3,5.7,5.9
2025-11-14,25.5,6.25,7,6
2025-11-15,24.8,6.24,6,6.1
2025-11-16,22.8,6.3,7,6.02
2025-11-17,19.5,6.33,5.7,6.1
2025-11-18,14.7,6.47,6,5.85
2025-11-19,20.3,6.42,6.5,5.9
2025-11-20,25.4,6.29,7.2,6.04
2025-11-21,27.6,6.28,5.6,6.07
2025-11-22,18.2,6.33,7,6
2025-11-23,19.8,6.6,6.5,6.1
2025-11-24,15.1,6.43,7.2,5.88
2025-11-25,12.2,6.44,6,5.85
2025-11-26,13.6,6.44,5.75,5.91
2025-11-27,13.6,6.42,5.5,6.1
2025-11-28,14.7,6.01,6.7,6.05
2025-11-29,10.2,5.94,6.56,6
2025-11-30,10.8,5.95,10.6,6.08
2025-12-01,33.6,6.08,6,6.05
2025-12-02,37.7,6.07,5,6
2025-12-03,33.7,5.54,7,6.02
2025-12-04,51.8,6.12,8,6.1
2025-12-05,47.3,6.07,7,5.96
2025-12-06,54.7,6.08,6,6.05
2025-12-07,31.6,6.01,6.5,5.98
2025-12-08,39.5,6.12,7,5.9
2025-12-09,22.8,5.97,6,6.05
2025-12-10,41.3,5.96,7,6.1
2025-12-11,25.7,5.85,7.2,6.08
2025-12-12,31.9,6.09,6,6.03
2025-12-13,23.5,6.19,5.7,5.9
2025-12-14,25.8,6.18,7,6
2025-12-15,26.1,6.17,6,6.1
2025-12-16,27.9,6.27,7,6.02
2025-12-17,25.4,6.15,5.7,6.1
2025-12-18,26.3,6.24,6,5.85
2025-12-19,21.5,6.13,6.5,5.9
2025-12-20,36.5,6.19,7.2,6.04
2025-12-21,20.6,6.19,5.6,6.07
2025-12-22,16.7,6.15,7,6
2025-12-23,21,6.14,6.5,6.1
2025-12-24,18.1,6.17,7.2,5.88
2025-12-25,15.6,6.21,6,5.85
2025-12-26,14.8,6.12,90.5,5.5
2025-12-27,16,6.12,9,5.4
2025-12-28,12.7,6.1,95,5.6
2025-12-29,14.4,6.1,85,5.6
2025-12-30,12.6,6.12,80,5.7
2025-12-31,12.5,6.1,70,5.8
2026-01-01,50.71,6.6,,
2026-01-02,37.4,5.9,,
2026-01-03,39.5,5.92,,
2026-01-04,35.6,5.84,,
2026-01-05,47.2,5.81,,
2026-01-06,37.5,5.8,,
2026-01-07,31.5,5.87,,
2026-01-08,29.3,5.8,,
2026-01-09,45.2,5.88,,
2026-01-10,54.2,5.87,,
2026-01-11,43.1,5.86,,
2026-01-12,57.2,5.86,,
2026-01-14,49.8,5.82,,
2026-01-15,47.5,6.37,,
2026-01-16,37.1,6.36,,
2026-01-17,42.5,6.38,,
2026-01-18,35.9,6.39,,
2026-01-19,32.7,6.47,,
2026-01-20,37.8,6.46,,
2026-01-21,37.7,6.42,,
2026-01-22,36.5,6.42,,
2026-01-23,37.9,6.45,,
2026-01-24,31.7,6.43,,
2026-01-25,25.3,6.37,,
2026-01-26,26.8,6.42,,
2026-01-27,26.6,6.33,,
2026-01-28,23.7,6.41,,
2026-01-29,25.2,6.42,,
2026-01-30,22.1,6.42,,
2026-01-31,20.3,6.5,,
2026-02-01,17.18,6.42,15.5,5.84
2026-02-02,18.2,6.33,14,5.87
2026-02-03,20.6,6.34,15,5.8
2026-02-04,19.5,6.39,16.5,5.8
2026-02-05,18.4,6.41,28.5,5.53
2026-02-06,18.1,6.31,31,5.64
2026-02-07,16.5,6.36,37.5,5.57
2026-02-08,15.2,6.32,26.5,5.68
2026-02-09,16,6.33,21.5,5.58
2026-02-10,15.7,6.39,18.5,5.54
2026-02-11,18.2,6.36,15.5,5.59
2026-02-12,17.7,6.35,14,5.68
2026-02-13,18.1,6.42,17,5.66
2026-02-14,20.1,6.45,16.5,5.69
2026-02-15,18,6.43,14,5.61
2026-02-16,18.9,6.4,14,5.6
2026-02-17,14.7,6.46,14,5.61
2026-02-18,17.2,6.42,14,5.66
2026-02-19,17.5,6.43,12.5,5.59
2026-02-20,16.1,6.42,13,5.71
2026-02-21,9.25,6.3,11.7,5.88
2026-02-22,13.9,6.49,12.5,5.57
2026-02-23,14.9,6.46,13,5.57
2026-02-24,21.4,6.45,12.5,5.72
2026-02-25,16.8,6.46,13.5,5.59
2026-02-26,21.7,6.4,12.1,5.68
2026-02-27,17.8,6.41,13,5.54
2026-02-28,28.2,6.39,16,5.45
2026-03-01,21.9,6.38,12,5.39
2026-03-02,10.4,6.46,10.55,5.54
2026-03-03,19.6,6.29,10.3,5.57
2026-03-04,17.8,6.32,10.6,5.52
2026-03-05,14.3,6.28,8.75,6.23
2026-03-06,11.8,6.31,9.55,5.56
2026-03-07,17.3,6.37,9.1,5.9
2026-03-08,15.1,6.35,12.1,6
2026-03-09,13.4,6.3,10.1,5.61
2026-03-10,12.1,6.28,8.7,5.77
2026-03-11,15.8,6.24,9.15,5.51
2026-03-12,14.9,6.43,11.8,5.41
2026-03-13,17.5,6.28,13,5.28
2026-03-14,14.2,6.53,11.5,5.39
2026-03-15,16.9,6.52,11.7,5.56
2026-03-16,26.6,6.46,10.6,5.6
2026-03-17,21.7,6.49,9.4,5.67
2026-03-18,18.7,6.51,8.6,5.63
2026-03-19,19.2,6.49,9.3,5.77
2026-03-20,19.6,6.49,8,5.75
2026-03-21,17.2,6.44,7.95,5.8
2026-03-22,18,6.44,7.7,5.77
2026-03-23,17.4,6.46,10.45,5.67
2026-03-24,16.7,6.5,10.5,5.61
2026-03-25,13.3,6.44,8.45,5.64
2026-03-26,14.9,6.37,10.9,5.61
2026-03-27,12.8,6.34,8.4,5.52
2026-03-28,10.2,6.44,7.05,5.63
2026-03-29,11.4,6.44,7.05,5.6
2026-03-30,12.2,6.41,6.55,5.65
2026-03-31,11.5,6.42,5.85,5.68
2026-04-01,9.64,6.4,5.1,5.72
2026-04-02,7.85,6.38,4.7,5.78
2026-04-03,11.8,6.46,5,5.78
2026-04-04,11,6.35,4.1,5.81
2026-04-05,8.33,6.36,4,5.76
2026-04-06,9.17,6.35,9.2,5.85
2026-04-07,9.17,6.35,4.3,5.79
2026-04-08,10.5,6.38,4.1,5.79
2026-04-09,8.95,6.38,4.5,5.88
2026-04-10,10.3,6.3,4.2,5.85
2026-04-11,10.9,6.36,4.15,5.78
2026-04-12,11.3,6.27,5.95,5.76
2026-04-13,6.27,6.41,4.55,5.78
2026-04-14,9.72,6.29,4.75,5.78
2026-04-15,7.36,6.44,7.15,5.69
2026-04-16,6.07,6.3,5.55,5.84
2026-04-17,7.65,6.35,5.45,5.71
2026-04-18,9.11,6.31,5.5,5.48
2026-04-19,4.46,6.44,6.15,5.62
2026-04-20,5.8,6.4,5.75,5.63
2026-04-21,9.51,6.4,5.8,5.62
2026-04-22,6.86,6.3,6.3,5.67
2026-04-23,7.05,6.37,5.1,5.67
2026-04-24,6.21,6.3,5.25,5.7
2026-04-25,6.87,6.35,4.65,5.6
2026-04-26,8.84,6.4,4.9,5.68
2026-04-27,7.63,6.4,4.35,5.69
2026-04-28,7.81,6.5,4.45,5.69
2026-04-29,11,6.51,4.4,5.82
2026-04-30,11.6,6.51,4,5.77
2026-05-01,13.2,6.57,60,5.28
2026-05-02,15.2,6.53,41,5.42
2026-05-03,11.7,6.5,40.5,5.46
2026-05-04,10.1,6.61,30.5,5.73
2026-05-05,11.3,6.45,30.5,5.67
2026-05-06,11.7,6.49,24.5,5.83
2026-05-07,9.21,6.52,24,5.81
2026-05-08,8.1,6.46,32,5.92
2026-05-09,8.76,6.47,33,5.62
2026-05-10,8.94,6.48,40.5,5.47
2026-05-11,9.01,6.47,30.5,5.58
2026-05-12,8.5,6.45,38,5.41
2026-05-13,9.72,6.48,37.5,5.45
2026-05-14,8.87,6.45,30.5,5.48
2026-05-15,10.1,6.44,26.5,5.67
2026-05-16,6.27,6.49,26.5,5.73
2026-05-17,9.18,6.38,29.5,5.61
2026-05-18,5.2,6.51,26.5,5.61
2026-05-19,8.87,6.43,24.5,5.63
2026-05-20,4.75,6.64,21.5,5.71
2026-05-21,6.98,6.53,21.5,5.69
2026-05-22,6.51,6.46,22,5.76
2026-05-23,7.37,6.52,20,5.78
2026-05-24,8.6,6.47,19,5.66
2026-05-25,9.61,6.43,20.5,5.62
2026-05-26,8.17,6.48,20.8,5.78
2026-05-27,6.84,6.47,18,5.76
2026-05-28,9.75,6.47,17,5.81
2026-05-29,8.19,6.53,16,5.84
2026-05-30,8.42,6.51,15,5.49
2026-05-31,12,6.48,14,5.98
2026-06-01,8.87,6.52,31.5,5.37
2026-06-02,7.92,6.52,13.1,5.52
2026-06-03,10.5,6.49,10.15,5.07
2026-06-04,8.83,6.5,9.6,5.51
2026-06-05,8.2,6.56,9.4,5.46
2026-06-06,7.4,6.55,11,5.96
2026-06-07,7.6,6.56,7.1,5.54
2026-06-08,8.4,6.45,6.7,5.57
2026-06-09,9.25,6.55,11.3,5.58
2026-06-10,10.2,6.53,11.5,5.98
2026-06-11,12.6,6.48,19.55,5.64
2026-06-12,14.2,6.4,25.5,5.4
2026-06-13,15.3,6.54,20,5.52
2026-06-14,11.5,6.44,14.5,5.33
2026-06-15,22.2,6.45,16.5,5.43
2026-06-16,22.7,6.42,16.5,5.25
2026-06-17,11.5,6.47,14.5,5.38
2026-06-18,16.8,6.45,14.5,5.41
2026-06-19,14.2,6.48,14.5,5.38
2026-06-20,12.2,6.7,12.5,5.4
2026-06-21,13,6.54,11.3,5.57
2026-06-22,10.1,6.6,10.7,5.49
2026-06-23,10.2,6.7,10,5.58
2026-06-24,7.21,6.67,8.6,5.5
2026-06-25,6.59,6.81,7.9,5.5
2026-06-26,7.11,6.89,8,5.6
2026-06-27,6.11,6.85,7.2,5.48
2026-06-28,5.16,6.86,13.6,5.54
2026-06-29,5.92,6.76,6.2,5.54
2026-06-30,6.1,6.83,7.5,5.61
