Tanggal,Level_Waduk_Manggar_m,Curah_Hujan_mm
2014-01-01,10.42,
2014-01-02,10.4,
2014-01-03,10.4,
2014-01-04,10.39,
2014-01-05,10.44,
2014-01-06,10.42,
2014-01-07,10.44,
2014-01-08,10.42,
2014-01-09,10.4,
2014-01-10,10.4,
2014-01-11,10.38,
2014-01-12,10.38,
2014-01-13,10.39,
2014-01-14,10.4,
2014-01-15,10.4,
2014-01-16,10.45,
2014-01-17,10.45,
2014-01-18,10.46,
2014-01-19,10.43,
2014-01-20,10.41,
2014-01-21,10.39,
2014-01-22,10.37,
2014-01-23,10.35,
2014-01-24,10.35,
2014-01-25,10.34,
2014-01-26,10.32,
2014-01-27,10.31,
2014-01-28,10.29,
2014-01-29,10.31,
2014-01-30,10.29,
2014-01-31,10.28,
2014-02-01,10.27,
2014-02-02,10.26,
2014-02-03,10.24,
2014-02-04,10.23,
2014-02-05,10.22,
2014-02-06,10.2,
2014-02-07,10.18,
2014-02-08,10.17,
2014-02-09,10.15,
2014-02-10,10.14,
2014-02-11,10.12,
2014-02-12,10.1,
2014-02-13,10.09,
2014-02-14,10.1,
2014-02-15,10.09,
2014-02-16,10.07,
2014-02-17,10.05,
2014-02-18,10.03,
2014-02-19,10.01,
2014-02-20,10.01,
2014-02-21,9.99,
2014-02-22,9.97,
2014-02-23,9.95,
2014-02-24,9.93,
2014-02-25,9.91,
2014-02-26,9.9,
2014-02-27,9.88,
2014-02-28,9.86,
2014-03-01,9.88,
2014-03-02,9.86,
2014-03-03,9.88,
2014-03-04,10.29,
2014-03-05,10.31,
2014-03-06,10.32,
2014-03-07,10.31,
2014-03-08,10.3,
2014-03-09,10.28,
2014-03-10,10.26,
2014-03-11,10.25,
2014-03-12,10.23,
2014-03-13,10.22,
2014-03-14,10.25,
2014-03-15,10.37,
2014-03-16,10.38,
2014-03-17,10.38,
2014-03-18,10.41,
2014-03-19,10.39,
2014-03-20,10.41,
2014-03-21,10.4,
2014-03-22,10.4,
2014-03-23,10.41,
2014-03-24,10.42,
2014-03-25,10.41,
2014-03-26,10.43,
2014-03-27,10.42,
2014-03-28,10.4,
2014-03-29,10.39,
2014-03-30,10.4,
2014-03-31,10.4,
2014-04-01,10.38,
2014-04-02,10.37,
2014-04-03,10.35,
2014-04-04,10.35,
2014-04-05,10.35,
2014-04-06,10.34,
2014-04-07,10.35,
2014-04-08,10.37,
2014-04-09,10.4,
2014-04-10,10.39,
2014-04-11,10.39,
2014-04-12,10.38,
2014-04-13,10.38,
2014-04-14,10.37,
2014-04-15,10.39,
2014-04-16,10.42,
2014-04-17,10.4,
2014-04-18,10.39,
2014-04-19,10.38,
2014-04-20,10.37,
2014-04-21,10.35,
2014-04-22,10.39,
2014-04-23,10.41,
2014-04-24,10.4,
2014-04-25,10.43,
2014-04-26,10.41,
2014-04-27,10.4,
2014-04-28,10.36,
2014-04-29,10.35,
2014-04-30,10.36,
2014-06-01,9.24,
2014-06-02,9.19,
2014-06-03,9.13,
2014-06-04,9.05,
2014-06-05,8.98,
2014-06-06,8.91,
2014-06-07,8.82,
2014-06-08,8.78,
2014-06-09,8.74,
2014-06-10,8.68,
2014-06-11,8.75,
2014-06-12,8.98,
2014-06-13,8.96,
2014-06-14,8.89,
2014-06-15,8.82,
2014-06-16,8.75,
2014-06-17,8.66,
2014-06-18,8.66,
2014-06-19,8.62,
2014-06-20,8.58,
2014-06-21,8.6,
2014-06-22,8.52,
2014-06-23,8.4,
2014-06-24,8.31,
2014-06-25,8.23,
2014-06-26,8.15,
2014-06-27,8.15,
2014-06-28,8.21,
2014-06-29,8.17,
2014-06-30,8.09,
2014-07-01,8.02,
2014-07-02,7.94,
2014-07-03,7.88,
2014-07-04,7.79,
2014-07-05,7.72,
2014-07-06,7.66,
2014-07-07,7.58,
2014-07-08,7.51,
2014-07-09,7.43,
2014-07-10,7.39,
2014-07-11,7.37,
2014-07-12,7.36,
2014-07-13,7.33,
2014-07-14,7.39,
2014-07-15,7.46,
2014-07-16,7.44,
2014-07-17,7.41,
2014-07-18,7.39,
2014-07-19,7.37,
2014-07-20,7.34,
2014-07-21,7.31,
2014-07-22,7.3,
2014-07-23,7.22,
2014-07-24,7.24,
2014-07-25,7.22,
2014-07-26,7.18,
2014-07-27,7.14,
2014-07-28,7.1,
2014-07-29,7.07,
2014-07-30,7.03,
2014-07-31,7.01,
2014-08-01,6.96,
2014-08-02,6.98,
2014-08-03,6.94,
2014-08-04,6.92,
2014-08-05,6.9,
2014-08-06,6.88,
2014-08-07,6.86,
2014-08-08,6.84,
2014-08-09,6.85,
2014-08-10,6.83,
2014-08-11,6.8,
2014-08-12,6.79,
2014-08-13,6.77,
2014-08-14,6.77,
2014-08-15,6.75,
2014-08-16,6.73,
2014-08-17,6.7,
2014-08-18,6.67,
2014-08-19,6.64,
2014-08-20,6.61,
2014-08-21,6.58,
2014-08-22,6.55,
2014-08-23,6.52,
2014-08-24,6.49,
2014-08-25,6.56,
2014-08-26,6.53,
2014-08-27,6.57,
2014-08-28,6.54,
2014-08-29,6.52,
2014-08-30,6.55,
2014-08-31,6.53,
2014-09-01,6.52,
2014-09-02,6.49,
2014-09-03,6.45,
2014-09-04,6.41,
2014-09-05,6.38,
2014-09-06,6.35,
2014-09-07,6.33,
2014-09-08,6.29,
2014-09-09,6.27,
2014-09-10,6.25,
2014-09-11,6.22,
2014-09-12,6.2,
2014-09-13,6.18,
2014-09-14,6.14,
2014-09-15,6.1,
2014-09-16,6.05,
2014-09-17,6.02,
2014-09-18,6,
2014-09-19,5.97,
2014-09-20,5.93,
2014-09-21,5.89,
2014-09-22,5.86,
2014-09-23,5.81,
2014-09-24,5.76,
2014-09-25,5.72,
2014-09-26,5.68,
2014-09-27,5.66,
2014-09-28,5.64,
2014-09-29,5.6,
2014-09-30,5.56,
2014-10-01,5.37,
2014-10-02,5.35,
2014-10-03,5.3,
2014-10-04,5.26,
2014-10-05,5.23,
2014-10-06,5.2,
2014-10-07,5.16,
2014-10-08,5.12,
2014-10-09,5.07,
2014-10-10,5.01,
2014-10-11,4.96,
2014-10-12,4.91,
2014-10-13,4.84,
2014-10-14,4.8,
2014-10-15,4.77,
2014-10-16,4.74,
2014-10-17,4.71,
2014-10-18,4.68,
2014-10-19,4.65,
2014-10-20,4.61,
2014-10-21,4.57,
2014-10-22,4.54,
2014-10-23,4.5,
2014-10-24,4.6,
2014-10-25,4.58,
2014-10-26,4.55,
2014-10-27,4.52,
2014-10-28,4.49,
2014-10-29,4.45,
2014-10-30,4.41,
2014-10-31,4.38,
2014-11-01,4.34,
2014-11-02,4.31,
2014-11-03,4.27,
2014-11-04,4.23,
2014-11-05,4.22,
2014-11-06,4.18,
2014-11-07,4.13,
2014-11-08,4.13,
2014-11-09,4.11,
2014-11-10,4.21,
2014-11-11,4.44,
2014-11-12,4.47,
2014-11-13,4.46,
2014-11-14,4.43,
2014-11-15,4.4,
2014-11-16,4.53,
2014-11-17,4.56,
2014-11-18,4.56,
2014-11-19,4.57,
2014-11-20,4.55,
2014-11-21,4.53,
2014-11-22,4.53,
2014-11-23,4.51,
2014-11-24,4.5,
2014-11-25,4.47,
2014-11-26,4.45,
2014-11-27,4.42,
2014-11-28,4.36,
2014-11-29,4.33,
2014-11-30,4.3,
2014-12-01,4.43,
2014-12-02,4.86,
2014-12-03,5.18,
2014-12-04,5.21,
2014-12-05,5.21,
2014-12-06,5.21,
2014-12-07,5.22,
2014-12-08,5.22,
2014-12-09,5.19,
2014-12-10,5.17,
2014-12-11,5.2,
2014-12-12,5.21,
2014-12-13,5.19,
2014-12-14,5.18,
2014-12-15,5.6,
2014-12-16,5.99,
2014-12-17,6.01,
2014-12-18,6,
2014-12-19,5.98,
2014-12-20,6.31,
2014-12-21,6.63,
2014-12-22,6.69,
2014-12-23,6.7,
2014-12-24,6.89,
2014-12-25,7.05,
2014-12-26,7.07,
2014-12-27,7.06,
2014-12-28,7.07,
2014-12-29,7.08,
2014-12-30,7.06,
2014-12-31,7.05,
2015-01-01,7.04,
2015-01-02,7.02,
2015-01-03,6.99,
2015-01-04,6.97,
2015-01-05,6.95,
2015-01-06,6.93,
2015-01-07,6.91,
2015-01-08,6.89,
2015-01-09,6.87,
2015-01-10,6.85,
2015-01-11,6.82,
2015-01-12,6.8,
2015-01-13,6.77,
2015-01-14,6.77,
2015-01-15,6.75,
2015-01-16,6.72,
2015-01-17,6.7,
2015-01-18,6.89,
2015-01-19,7.14,
2015-01-20,7.4,
2015-01-21,7.5,
2015-01-22,7.52,
2015-01-23,7.52,
2015-01-24,7.5,
2015-01-25,7.47,
2015-01-26,7.45,
2015-01-27,7.43,
2015-01-28,7.59,
2015-01-29,7.99,
2015-01-30,8.05,
2015-01-31,8.19,
2015-02-01,8.29,
2015-02-02,8.33,
2015-02-03,8.38,
2015-02-04,8.46,
2015-02-05,8.96,
2015-02-06,9.02,
2015-02-07,9.22,
2015-02-08,9.42,
2015-02-09,9.48,
2015-02-10,9.63,
2015-02-11,9.67,
2015-02-12,9.86,
2015-02-13,9.9,
2015-02-14,9.95,
2015-02-15,9.96,
2015-02-16,9.97,
2015-02-17,9.96,
2015-02-18,9.95,
2015-02-19,10.06,
2015-02-20,10.14,
2015-02-21,10.18,
2015-02-22,10.19,
2015-02-23,10.17,
2015-02-24,10.15,
2015-02-25,10.15,
2015-02-26,10.14,
2015-02-27,10.13,
2015-02-28,10.11,
2015-03-01,10.09,
2015-03-02,10.09,
2015-03-03,10.1,
2015-03-04,10.09,
2015-03-05,10.08,
2015-03-06,10.18,
2015-03-07,10.1,
2015-03-08,10.08,
2015-03-09,10.06,
2015-03-10,10.06,
2015-03-11,10.05,
2015-03-12,10.1,
2015-03-13,10.2,
2015-03-14,10.21,
2015-03-15,10.29,
2015-03-16,10.31,
2015-03-17,10.43,
2015-03-18,10.41,
2015-03-19,10.41,
2015-03-20,10.45,
2015-03-21,10.49,
2015-03-22,10.49,
2015-03-23,10.44,
2015-03-24,10.43,
2015-03-25,10.41,
2015-03-26,10.39,
2015-03-27,10.37,
2015-03-28,10.36,
2015-03-29,10.35,
2015-03-30,10.34,
2015-03-31,10.32,
2015-04-01,10.35,
2015-04-02,10.32,
2015-04-03,10.44,
2015-04-04,10.52,
2015-04-05,10.73,
2015-04-06,10.54,
2015-04-07,10.51,
2015-04-08,10.44,
2015-04-09,10.41,
2015-04-10,10.39,
2015-04-11,10.75,
2015-04-12,10.7,
2015-04-13,10.65,
2015-04-14,10.49,
2015-04-15,10.44,
2015-04-16,10.41,
2015-04-17,10.4,
2015-04-18,10.4,
2015-04-19,10.39,
2015-04-20,10.38,
2015-04-21,10.51,
2015-04-22,10.56,
2015-04-23,10.49,
2015-04-24,10.47,
2015-04-25,10.53,
2015-04-26,10.48,
2015-04-27,10.43,
2015-04-28,10.41,
2015-04-29,10.42,
2015-04-30,10.41,
2015-05-01,10.39,
2015-05-02,10.38,
2015-05-03,10.46,
2015-05-04,10.44,
2015-05-05,10.43,
2015-05-06,10.43,
2015-05-07,10.41,
2015-05-08,10.41,
2015-05-09,10.42,
2015-05-10,10.4,
2015-05-11,10.38,
2015-05-12,10.37,
2015-05-13,10.36,
2015-05-14,10.36,
2015-05-15,10.38,
2015-05-16,10.38,
2015-05-17,10.38,
2015-05-18,10.37,
2015-05-19,10.35,
2015-05-20,10.34,
2015-05-21,10.32,
2015-05-22,10.31,
2015-05-23,10.3,
2015-05-24,10.29,
2015-05-25,10.27,
2015-05-26,10.25,
2015-05-27,10.24,
2015-05-28,10.22,
2015-05-29,10.2,
2015-05-30,10.18,
2015-05-31,10.2,
2015-06-01,10.24,
2015-06-02,10.3,
2015-06-03,10.43,
2015-06-04,10.41,
2015-06-05,10.39,
2015-06-06,10.48,
2015-06-07,10.48,
2015-06-08,10.5,
2015-06-09,10.47,
2015-06-10,10.45,
2015-06-11,10.46,
2015-06-12,10.43,
2015-06-13,10.41,
2015-06-14,10.42,
2015-06-15,10.47,
2015-06-16,10.53,
2015-06-17,10.54,
2015-06-18,10.49,
2015-06-19,10.45,
2015-06-20,10.47,
2015-06-21,10.44,
2015-06-22,10.42,
2015-06-23,10.4,
2015-06-24,10.53,
2015-06-25,10.53,
2015-06-26,10.47,
2015-06-27,10.45,
2015-06-28,10.43,
2015-06-29,10.4,
2015-07-01,10.38,
2015-07-02,10.36,
2015-07-03,10.36,
2015-07-04,10.35,
2015-07-05,10.33,
2015-07-06,10.31,
2015-07-07,10.29,
2015-07-08,10.27,
2015-07-09,10.26,
2015-07-10,10.25,
2015-07-11,10.23,
2015-07-12,10.21,
2015-07-13,10.19,
2015-07-14,10.17,
2015-07-15,10.15,
2015-07-16,10.13,
2015-07-17,10.12,
2015-07-18,10.13,
2015-07-19,10.11,
2015-07-20,10.08,
2015-07-21,10.06,
2015-07-22,10.04,
2015-07-23,10.02,
2015-07-24,10,
2015-07-25,9.99,
2015-07-26,9.97,
2015-07-27,9.96,
2015-07-28,9.94,
2015-07-29,9.92,
2015-07-30,9.9,
2015-07-31,9.88,
2015-08-01,9.86,
2015-08-02,9.84,
2015-08-03,9.82,
2015-08-04,9.8,
2015-08-05,9.78,
2015-08-06,9.77,
2015-08-07,9.75,
2015-08-08,9.73,
2015-08-09,9.72,
2015-08-10,9.71,
2015-08-11,9.68,
2015-08-12,9.65,
2015-08-13,9.63,
2015-08-14,9.78,
2015-08-15,9.78,
2015-08-16,9.8,
2015-08-17,9.78,
2015-08-18,9.76,
2015-08-19,9.73,
2015-08-20,9.71,
2015-08-21,9.69,
2015-08-22,9.67,
2015-08-23,9.65,
2015-08-24,9.63,
2015-08-25,9.61,
2015-08-26,9.58,
2015-08-27,9.66,
2015-08-28,9.64,
2015-08-29,9.62,
2015-08-30,9.58,
2015-08-31,9.53,
2015-09-01,9.47,
2015-09-02,9.44,
2015-09-03,9.41,
2015-09-04,9.38,
2015-09-05,9.35,
2015-09-06,9.33,
2015-09-07,9.31,
2015-09-08,9.29,
2015-09-09,9.27,
2015-09-10,9.24,
2015-09-11,9.24,
2015-09-12,9.21,
2015-09-13,9.19,
2015-09-14,9.15,
2015-09-15,9.12,
2015-09-16,9.09,
2015-09-17,9.07,
2015-09-18,9.05,
2015-09-19,9.02,
2015-09-20,9,
2015-09-21,8.97,
2015-09-22,8.95,
2015-09-23,8.93,
2015-09-24,8.9,
2015-09-25,8.88,
2015-09-26,8.85,
2015-09-27,8.82,
2015-09-28,8.79,
2015-09-29,8.76,
2015-09-30,8.73,
2015-10-01,8.7,
2015-10-02,8.68,
2015-10-03,8.66,
2015-10-04,8.64,
2015-10-05,8.61,
2015-10-06,8.57,
2015-10-07,8.54,
2015-10-08,8.51,
2015-10-09,8.48,
2015-10-10,8.45,
2015-10-11,8.42,
2015-10-12,8.4,
2015-10-13,8.38,
2015-10-14,8.36,
2015-10-15,8.33,
2015-10-16,8.31,
2015-10-17,8.28,
2015-10-18,8.26,
2015-10-19,8.23,
2015-10-20,8.2,
2015-10-21,8.17,
2015-10-22,8.14,
2015-10-23,8.11,
2015-10-24,8.09,
2015-10-25,8.07,
2015-10-26,8.05,
2015-10-27,8.02,
2015-10-28,7.99,
2015-10-29,8,
2015-10-30,8,
2015-10-31,7.98,
2015-11-01,7.96,
2015-11-02,7.93,
2015-11-03,7.9,
2015-11-04,7.87,
2015-11-05,7.84,
2015-11-06,7.81,
2015-11-07,7.78,
2015-11-08,7.76,
2015-11-09,7.74,
2015-11-10,7.71,
2015-11-11,7.68,
2015-11-12,7.65,
2015-11-13,7.62,
2015-11-14,7.59,
2015-11-15,7.57,
2015-11-16,7.54,
2015-11-17,7.5,
2015-11-18,7.48,
2015-11-19,7.46,
2015-11-20,7.43,
2015-11-21,7.41,
2015-11-22,7.4,
2015-11-23,7.38,
2015-11-24,7.36,
2015-11-25,7.33,
2015-11-26,7.3,
2015-11-27,7.26,
2015-11-28,7.23,
2015-11-29,7.2,
2015-11-30,7.17,
2015-12-01,7.14,
2015-12-02,7.11,
2015-12-03,7.12,
2015-12-04,7.11,
2015-12-05,7.09,
2015-12-06,7.06,
2015-12-07,7.04,
2015-12-08,7.01,
2015-12-09,6.99,
2015-12-10,6.96,
2015-12-11,7.04,
2015-12-12,7.09,
2015-12-13,7.12,
2015-12-14,7.14,
2015-12-15,7.13,
2015-12-16,7.11,
2015-12-17,7.1,
2015-12-18,7.08,
2015-12-19,7.06,
2015-12-20,7.05,
2015-12-21,7.03,
2015-12-22,7,
2015-12-23,6.98,
2015-12-24,6.95,
2015-12-25,6.92,
2015-12-26,6.89,
2015-12-27,6.86,
2015-12-28,6.83,
2015-12-29,6.79,
2015-12-30,6.77,
2015-12-31,6.74,
2016-01-01,6.7,0
2016-01-02,6.66,0
2016-01-03,6.62,0
2016-01-04,6.59,14.2
2016-01-05,6.56,0
2016-01-06,6.52,0
2016-01-07,6.49,0
2016-01-08,6.46,0
2016-01-09,6.42,5.4
2016-01-10,6.38,0
2016-01-11,6.35,5.9
2016-01-12,6.32,1
2016-01-13,6.28,0
2016-01-14,6.25,0
2016-01-15,6.23,0
2016-01-16,6.21,0
2016-01-17,6.17,4.4
2016-01-18,6.13,0
2016-01-19,6.1,4.5
2016-01-20,6.06,14
2016-01-21,6.04,19.5
2016-01-22,6.04,0
2016-01-23,6.02,0
2016-01-24,6,0
2016-01-25,5.97,0
2016-01-26,5.93,0
2016-01-27,5.89,0
2016-01-28,5.85,0
2016-01-29,5.81,0
2016-01-30,5.76,0
2016-01-31,5.7,0
2016-03-01,5.04,0
2016-03-02,5.05,0
2016-03-03,5.05,12.9
2016-03-04,5.04,1.2
2016-03-05,5.04,0
2016-03-06,5.03,0
2016-03-07,5.01,0
2016-03-08,4.99,11.4
2016-03-09,4.97,0
2016-03-10,4.95,0
2016-03-11,4.92,0
2016-03-12,4.89,0
2016-03-13,4.86,0
2016-03-14,4.83,19
2016-03-15,4.82,8.8
2016-03-16,4.81,0
2016-03-17,4.79,8.5
2016-03-18,4.81,13.6
2016-03-19,4.86,34.9
2016-03-20,4.88,6.3
2016-03-21,4.87,0
2016-03-22,4.85,0
2016-03-23,4.83,17.2
2016-03-24,4.82,0
2016-03-25,4.8,9.8
2016-03-26,4.8,0
2016-03-27,4.77,5.1
2016-03-28,4.75,7.3
2016-03-29,4.72,0
2016-03-30,4.69,120.4
2016-03-31,5.37,0
2016-04-01,5.49,0
2016-04-02,5.51,0
2016-04-03,5.48,0
2016-04-04,5.46,0
2016-04-05,5.44,0
2016-04-06,5.4,0
2016-04-07,5.36,0
2016-04-08,5.32,0
2016-04-09,5.3,0
2016-04-10,5.25,35.2
2016-04-11,5.31,0
2016-04-12,5.3,5.4
2016-04-13,5.29,0
2016-04-14,5.27,0
2016-04-15,5.25,0
2016-04-16,5.22,0
2016-04-17,5.2,0
2016-04-18,5.18,0
2016-04-19,5.17,0
2016-04-20,5.14,0
2016-04-21,5.1,0
2016-04-22,5.07,0
2016-04-23,5.05,0
2016-04-24,5.02,0
2016-04-25,5,42
2016-04-26,5.06,0
2016-04-27,5.11,10
2016-04-28,5.12,0
2016-04-29,5.1,0
2016-04-30,5.07,0
2016-05-01,5.06,17.6
2016-05-02,5.24,0
2016-05-03,5.33,10.2
2016-05-04,5.36,0
2016-05-05,5.37,0
2016-05-06,5.35,0
2016-05-07,5.32,0
2016-05-08,5.29,0
2016-05-09,5.27,21.6
2016-05-10,5.27,0
2016-05-11,5.25,10
2016-05-12,5.22,0
2016-05-13,5.2,0
2016-05-14,5.18,6.6
2016-05-15,5.16,20
2016-05-16,5.13,0
2016-05-17,5.16,85.4
2016-05-18,5.18,0
2016-05-19,5.19,0
2016-05-20,5.29,0
2016-05-21,5.29,19.7
2016-05-22,5.32,0
2016-05-23,5.31,0
2016-05-24,5.39,32
2016-05-25,5.63,0
2016-05-26,5.66,0
2016-05-27,5.65,0
2016-05-28,5.65,0
2016-05-29,5.7,0
2016-05-30,5.69,20
2016-05-31,5.69,0
2016-06-01,5.69,4.5
2016-06-02,5.67,0
2016-06-03,5.65,0
2016-06-04,5.63,0
2016-06-05,5.61,0
2016-06-06,5.59,0
2016-06-07,5.56,23
2016-06-08,5.55,0
2016-06-09,5.53,0
2016-06-10,5.5,0
2016-06-11,5.52,15
2016-06-12,5.5,7.25
2016-06-13,5.57,0
2016-06-14,5.57,0
2016-06-15,5.56,0
2016-06-16,5.55,0
2016-06-17,5.51,0
2016-06-18,5.49,0
2016-06-19,5.46,0
2016-06-20,5.43,0
2016-06-21,5.41,0
2016-06-22,5.38,0
2016-06-23,5.35,0
2016-06-24,5.32,0
2016-06-25,5.29,0
2016-06-26,5.3,0
2016-06-27,5.32,52.1
2016-06-28,5.36,17.6
2016-06-29,5.74,0
2016-06-30,5.79,0
2016-07-01,5.8,0
2016-07-02,5.79,0
2016-07-03,5.77,0
2016-07-04,5.75,0
2016-07-05,5.72,5
2016-07-06,5.72,0
2016-07-07,5.69,0
2016-07-08,5.65,0
2016-07-09,5.62,0
2016-07-10,5.58,0
2016-07-11,5.55,0
2016-07-12,5.51,0
2016-07-13,5.48,21.75
2016-07-14,5.45,0
2016-07-15,5.42,0
2016-07-16,5.4,0
2016-07-17,5.38,0
2016-07-18,5.39,11.02
2016-07-19,5.39,0
2016-07-20,5.37,7
2016-07-21,5.41,0
2016-07-22,6.09,117
2016-07-23,7.32,5.06
2016-07-24,7.41,29
2016-07-25,7.43,0
2016-07-26,7.43,46.01
2016-07-27,7.48,0
2016-07-28,7.49,11.02
2016-07-29,7.49,0
2016-07-30,7.48,57
2016-07-31,7.5,0
2016-08-01,7.53,0
2016-08-02,7.51,0
2016-08-03,7.52,0
2016-08-04,7.49,11.2
2016-08-05,7.5,37.1
2016-08-06,7.61,5.75
2016-08-07,7.61,0
2016-08-08,7.59,0
2016-08-09,7.57,0
2016-08-10,7.55,0
2016-08-11,7.53,0
2016-08-12,7.5,0
2016-08-13,7.47,0
2016-08-14,7.45,35.2
2016-08-15,7.63,0
2016-08-16,7.64,0
2016-08-17,7.65,0
2016-08-18,7.64,0
2016-08-19,7.62,0
2016-08-20,7.6,0
2016-08-21,7.59,7.25
2016-08-22,7.57,0
2016-08-23,7.54,0
2016-08-24,7.51,0
2016-08-25,7.49,0
2016-08-26,7.46,0
2016-08-27,7.43,0
2016-08-28,7.43,0
2016-08-29,7.4,0
2016-08-30,7.38,0
2016-08-31,7.35,0
2016-09-01,7.35,0
2016-09-02,7.32,0
2016-09-03,7.3,0
2016-09-04,7.28,2.2
2016-09-05,7.25,0
2016-09-06,7.23,0
2016-09-07,7.2,1.2
2016-09-08,7.17,0
2016-09-09,7.17,0
2016-09-10,7.16,10
2016-09-11,7.16,0
2016-09-12,7.15,12.25
2016-09-13,7.16,0
2016-09-14,7.17,17.6
2016-09-15,7.15,2.3
2016-09-16,7.13,4
2016-09-17,7.1,0
2016-09-18,7.07,0
2016-09-19,7.07,0
2016-09-20,7.05,56
2016-09-21,7.09,21
2016-09-22,7.31,7.6
2016-09-23,7.34,0
2016-09-24,7.37,26.25
2016-09-25,7.49,12
2016-09-26,7.52,0
2016-09-27,7.51,4.5
2016-09-28,7.49,0
2016-09-29,7.48,1.5
2016-09-30,7.46,7.2
2016-10-01,7.48,0
2016-10-02,7.48,6.15
2016-10-03,7.48,0
2016-10-04,7.47,10
2016-10-05,7.46,0
2016-10-06,7.46,0
2016-10-07,7.44,0
2016-10-08,7.46,0
2016-10-09,7.7,0
2016-10-10,7.75,0
2016-10-11,7.75,0
2016-10-12,7.77,0
2016-10-13,7.89,0
2016-10-14,7.94,0
2016-10-15,8.03,0
2016-10-16,8.03,0
2016-10-17,8.02,0
2016-10-18,8.01,0
2016-10-19,7.99,0
2016-10-20,7.97,60.5
2016-10-21,8.01,0.75
2016-10-22,8,0
2016-10-23,8,52.15
2016-10-24,8.17,1.25
2016-10-25,8.75,10
2016-10-26,8.79,12
2016-10-27,8.87,17.25
2016-10-28,8.9,10.25
2016-10-29,9.01,0
2016-10-30,9.02,8.25
2016-10-31,9.03,0
2016-11-01,9.11,85.25
2016-11-02,9.33,0
2016-11-03,9.39,0
2016-11-04,9.4,0
2016-11-05,9.4,0
2016-11-06,9.41,0
2016-11-07,9.41,31
2016-11-08,9.5,48.7
2016-11-09,9.54,0
2016-11-10,9.57,7.5
2016-11-11,9.6,2.5
2016-11-12,9.61,0
2016-11-13,9.62,0
2016-11-14,9.65,25.7
2016-11-15,9.64,0
2016-11-16,9.64,0
2016-11-17,9.63,0
2016-11-18,9.62,0
2016-11-19,9.62,0
2016-11-20,9.61,60.5
2016-11-21,9.6,46.25
2016-11-22,9.69,59
2016-11-23,9.93,0
2016-11-24,9.95,11.46
2016-11-25,9.96,0
2016-11-26,9.95,0
2016-11-27,9.96,0
2016-11-28,9.96,0
2016-11-29,9.94,0
2016-11-30,9.92,27
2016-12-01,9.93,0
2016-12-02,9.91,0
2016-12-03,9.91,0
2016-12-04,10.21,90.5
2016-12-05,10.36,52
2016-12-06,10.4,0
2016-12-07,10.4,0
2016-12-08,10.39,0
2016-12-09,10.39,21
2016-12-10,10.41,5
2016-12-11,10.41,15.5
2016-12-12,10.41,7.5
2016-12-13,10.41,3.5
2016-12-14,10.39,0
2016-12-15,10.38,0
2016-12-16,10.37,0
2016-12-17,10.36,26.2
2016-12-18,10.37,0
2016-12-19,10.41,89
2016-12-20,10.48,17
2016-12-21,10.45,0
2016-12-22,10.43,0
2016-12-23,10.43,0
2016-12-24,10.42,0
2016-12-25,10.47,35
2016-12-26,10.48,17.5
2016-12-27,10.46,0
2016-12-28,10.43,0
2016-12-29,10.44,12.5
2016-12-30,10.44,0
2016-12-31,10.57,80
2017-01-01,10.39,7
2017-01-02,10.38,0
2017-01-03,10.39,0
2017-01-04,10.38,0
2017-01-05,10.37,10
2017-01-06,10.36,28
2017-01-07,10.35,0
2017-01-08,10.33,0
2017-01-09,10.32,18.2
2017-01-10,10.31,2
2017-01-11,10.29,0
2017-01-12,10.27,6.2
2017-01-13,10.25,0
2017-01-14,10.24,0
2017-01-15,10.22,43
2017-01-16,10.21,0
2017-01-17,10.21,87
2017-01-18,10.23,0
2017-01-19,10.21,0
2017-01-20,10.18,0
2017-01-21,10.16,0
2017-01-22,10.16,0
2017-01-23,10.16,90
2017-01-24,10.15,0
2017-01-25,10.15,0
2017-01-26,10.16,0
2017-01-27,10.18,0
2017-01-28,10.19,21
2017-01-29,10.43,0
2017-01-30,10.42,0
2017-01-31,10.4,0
2017-02-01,10.39,0
2017-02-02,10.38,7
2017-02-03,10.39,0
2017-02-04,10.38,0
2017-02-05,10.37,0
2017-02-06,10.36,0
2017-02-07,10.35,0
2017-02-08,10.33,0
2017-02-09,10.32,0
2017-02-10,10.31,0
2017-02-11,10.29,0
2017-02-12,10.27,0
2017-02-13,10.25,0
2017-02-14,10.24,0
2017-02-15,10.22,0
2017-02-16,10.21,0
2017-02-17,10.21,25
2017-02-18,10.23,0
2017-02-19,10.21,0
2017-02-20,10.18,0
2017-02-21,10.16,7.5
2017-02-22,10.16,0
2017-02-23,10.16,11
2017-02-24,10.15,0
2017-02-25,10.15,11
2017-02-26,10.16,36.5
2017-02-27,10.18,6.5
2017-02-28,10.19,0
2017-03-01,10.19,0
2017-03-02,10.18,0
2017-03-03,10.18,54
2017-03-04,10.3,0
2017-03-05,10.28,12
2017-03-06,10.25,7.5
2017-03-07,10.25,0
2017-03-08,10.3,0
2017-03-09,10.35,36.15
2017-03-10,10.33,0
2017-03-11,10.33,0
2017-03-12,10.32,0
2017-03-13,10.31,17.3
2017-03-14,10.31,0
2017-03-15,10.29,0
2017-03-16,10.29,7.25
2017-03-17,10.26,0
2017-03-18,10.23,18
2017-03-19,10.24,0
2017-03-20,10.26,38.2
2017-03-21,10.27,15
2017-03-22,10.27,0
2017-03-23,10.18,0
2017-03-24,10.31,0
2017-03-25,10.3,25.5
2017-03-26,10.33,36
2017-03-27,10.42,0
2017-03-28,10.4,0
2017-03-29,10.38,0
2017-03-30,10.36,120.4
2017-03-31,10.48,0
2017-04-01,10.47,0
2017-04-02,10.45,0
2017-04-03,10.42,15
2017-04-04,10.41,5
2017-04-05,10.41,12
2017-04-06,10.5,0
2017-04-07,10.48,7.5
2017-04-08,10.46,0
2017-04-09,10.54,0
2017-04-10,10.48,0
2017-04-11,10.44,0
2017-04-12,10.44,0
2017-04-13,10.42,0
2017-04-14,10.42,17
2017-04-15,10.4,0
2017-04-16,10.37,0
2017-04-17,10.36,0
2017-04-18,10.39,20
2017-04-19,10.37,14
2017-04-20,10.37,0
2017-04-21,10.35,0
2017-04-22,10.34,0
2017-04-23,10.32,0
2017-04-24,10.32,0
2017-04-25,10.31,0
2017-04-26,10.3,17.5
2017-04-27,10.32,35.5
2017-04-28,10.34,0
2017-04-29,10.33,83
2017-04-30,10.5,15
2017-05-01,10.45,0
2017-05-02,10.42,12
2017-05-03,10.43,121
2017-05-04,10.64,0
2017-05-05,10.56,0
2017-05-06,10.55,0
2017-05-07,10.57,98
2017-05-08,10.58,5
2017-05-09,10.51,0
2017-05-10,10.45,0
2017-05-11,10.5,0
2017-05-12,10.49,14.8
2017-05-13,10.47,0
2017-05-14,10.45,7.5
2017-05-15,10.43,7
2017-05-16,10.41,0
2017-05-17,10.4,0
2017-05-18,10.39,0
2017-05-19,10.39,0
2017-05-20,10.38,0
2017-05-21,10.46,47
2017-05-22,10.44,0
2017-05-23,10.48,50
2017-05-24,10.5,0
2017-05-25,10.48,0
2017-05-26,10.48,0
2017-05-27,10.46,0
2017-05-28,10.45,0
2017-05-29,10.44,0
2017-05-30,10.44,0
2017-05-31,10.42,0
2017-06-01,10.4,0
2017-06-02,10.42,26
2017-06-03,10.43,57
2017-06-04,10.5,0
2017-06-05,10.48,0
2017-06-06,10.44,0
2017-06-07,10.42,0
2017-06-08,10.39,0
2017-06-09,10.38,0
2017-06-10,10.36,0
2017-06-11,10.33,0
2017-06-12,10.31,0
2017-06-13,10.5,89
2017-06-14,10.46,0
2017-06-15,10.45,0
2017-06-16,10.43,0
2017-06-17,10.41,0
2017-06-18,10.4,0
2017-06-19,10.38,9.5
2017-06-20,10.36,15
2017-06-21,10.35,0
2017-06-22,10.34,0
2017-06-23,10.39,36
2017-06-24,10.38,0
2017-06-25,10.36,0
2017-06-26,10.35,0
2017-06-27,10.33,0
2017-06-28,10.31,0
2017-06-29,10.31,0
2017-06-30,10.3,0
2017-07-01,10.27,0
2017-07-02,10.25,0
2017-07-03,10.23,0
2017-07-04,10.23,0
2017-07-05,10.21,0
2017-07-06,10.2,0
2017-07-07,10.19,0
2017-07-08,10.19,0
2017-07-09,10.18,0
2017-07-10,10.23,26.35
2017-07-11,10.21,7.5
2017-07-12,10.19,0
2017-07-13,10.2,0
2017-07-14,10.2,0
2017-07-15,10.2,0
2017-07-16,10.18,10
2017-07-17,10.16,0
2017-07-18,10.14,0
2017-07-19,10.15,0
2017-07-20,10.14,0
2017-07-21,10.12,0
2017-07-22,10.12,0
2017-07-23,10.1,0
2017-07-24,10.09,0
2017-07-25,10.07,0
2017-07-26,10.06,0
2017-07-27,10.04,0
2017-07-28,10.02,0
2017-07-29,10,0
2017-07-30,9.99,0
2017-07-31,9.97,0
2017-08-01,9.95,0
2017-08-02,9.92,0
2017-08-03,9.92,28
2017-08-04,9.95,33
2017-08-05,10.05,31.5
2017-08-06,10.04,0
2017-08-07,10.02,0
2017-08-08,10.06,42
2017-08-09,10.39,94.8
2017-08-10,10.52,0
2017-08-11,10.47,0
2017-08-12,10.45,0
2017-08-13,10.42,8.1
2017-08-14,10.4,6.5
2017-08-15,10.39,0
2017-08-16,10.38,0
2017-08-17,10.5,45
2017-08-18,10.51,3
2017-08-19,10.46,8.2
2017-08-20,10.44,0
2017-08-21,10.42,0
2017-08-22,10.41,0
2017-08-23,10.5,100.3
2017-08-24,10.62,13.2
2017-08-25,10.49,0
2017-08-26,10.45,0
2017-08-27,10.43,0
2017-08-28,10.41,11.7
2017-08-29,10.53,0
2017-08-30,10.53,0
2017-08-31,10.46,0
2017-09-01,10.46,15
2017-09-02,10.43,0
2017-09-03,10.42,11.5
2017-09-04,10.4,12
2017-09-05,10.38,20.1
2017-09-06,10.37,0
2017-09-07,10.36,0
2017-09-08,10.36,0
2017-09-09,10.34,0
2017-09-10,10.32,0
2017-09-11,10.31,55
2017-09-12,10.36,43
2017-09-13,10.41,30.5
2017-09-14,10.43,0
2017-09-15,10.43,0
2017-09-16,10.4,0
2017-09-17,10.4,0
2017-09-18,10.39,0
2017-09-19,10.38,0
2017-09-20,10.36,0
2017-09-21,10.34,0
2017-09-22,10.38,26.1
2017-09-23,10.36,15
2017-09-24,10.34,0
2017-09-25,10.32,0
2017-09-26,10.36,0
2017-09-27,10.33,0
2017-09-28,10.31,0
2017-09-29,10.29,54.5
2017-09-30,10.32,11.5
2017-10-01,10.33,37
2017-10-02,10.37,0
2017-10-03,10.37,0
2017-10-04,10.37,0
2017-10-05,10.36,48
2017-10-06,10.43,0
2017-10-07,10.4,84.5
2017-10-08,10.52,0
2017-10-09,10.48,0
2017-10-10,10.43,0
2017-10-11,10.41,0
2017-10-12,10.43,38
2017-10-13,10.41,0
2017-10-14,10.4,0
2017-10-15,10.39,0
2017-10-16,10.39,2.4
2017-10-17,10.46,5.8
2017-10-18,10.4,0
2017-10-19,10.39,0
2017-10-20,10.37,0
2017-10-21,10.36,0
2017-10-22,10.39,56.4
2017-10-23,10.35,0
2017-10-24,10.35,19.2
2017-10-25,10.33,8.2
2017-10-26,10.31,0
2017-10-27,10.31,0
2017-10-28,10.29,0
2017-10-29,10.27,5.9
2017-10-30,10.27,0
2017-10-31,10.26,0
2017-11-01,10.26,3.2
2017-11-02,10.27,29.2
2017-11-03,10.26,0
2017-11-04,10.24,0
2017-11-05,10.22,19.5
2017-11-06,10.22,0
2017-11-07,10.22,0
2017-11-08,10.22,0
2017-11-09,10.2,1.4
2017-11-10,10.2,0
2017-11-11,10.21,0
2017-11-12,10.21,17.5
2017-11-13,10.2,15
2017-11-14,10.2,5
2017-11-15,10.18,25.7
2017-11-16,10.21,0
2017-11-17,10.2,2
2017-11-18,10.18,0
2017-11-19,10.2,0
2017-11-20,10.23,4.3
2017-11-21,10.22,9.4
2017-11-22,10.2,0
2017-11-23,10.2,8.2
2017-11-24,10.25,0
2017-11-25,10.27,10
2017-11-26,10.26,4.3
2017-11-27,10.25,0
2017-11-28,10.25,3
2017-11-29,10.3,0
2017-11-30,10.41,30.5
2017-12-01,10.43,23
2017-12-02,10.45,11
2017-12-03,10.46,0
2017-12-04,10.46,28
2017-12-05,10.5,15.5
2017-12-06,10.49,6.5
2017-12-07,10.53,43.5
2017-12-08,10.49,0
2017-12-09,10.47,17.5
2017-12-10,10.46,0
2017-12-11,10.44,21.2
2017-12-12,10.41,1.2
2017-12-13,10.4,0
2017-12-14,10.39,0.7
2017-12-15,10.37,1.2
2017-12-16,10.4,17
2017-12-17,10.39,0
2017-12-18,10.37,0
2017-12-19,10.33,0
2017-12-20,10.33,0.85
2017-12-21,10.31,0
2017-12-22,10.3,0
2017-12-23,10.35,86
2017-12-24,10.33,0
2017-12-25,10.31,0
2017-12-26,10.29,2.5
2017-12-27,10.28,0
2017-12-28,10.28,31
2017-12-29,10.29,0
2017-12-30,10.3,0
2017-12-31,10.3,0
2018-01-01,10.29,0
2018-01-02,10.29,27
2018-01-03,10.31,27
2018-01-04,10.37,6.2
2018-01-05,10.39,7
2018-01-06,10.4,11.2
2018-01-07,10.4,6
2018-01-08,10.39,0
2018-01-09,10.39,4
2018-01-10,10.4,6.2
2018-01-11,10.4,11
2018-01-12,10.4,0
2018-01-13,10.38,0
2018-01-14,10.36,38.4
2018-01-15,10.39,7
2018-01-16,10.38,0
2018-01-17,10.37,39
2018-01-18,10.42,57.5
2018-01-19,10.51,38
2018-01-20,10.49,1
2018-01-21,10.48,0
2018-01-22,10.47,0
2018-01-23,10.45,12
2018-01-24,10.44,0
2018-01-25,10.45,0
2018-01-26,10.48,0
2018-01-27,10.46,0
2018-01-28,10.43,0
2018-01-29,10.4,0
2018-01-30,10.41,16.3
2018-01-31,10.4,0
2018-02-01,10.38,66
2018-02-02,10.4,0
2018-02-03,10.43,0
2018-02-04,10.41,0
2018-02-05,10.39,0
2018-02-06,10.45,20
2018-02-07,10.43,0
2018-02-08,10.48,20
2018-02-09,10.46,0
2018-02-10,10.53,13
2018-02-11,10.5,0
2018-02-12,10.52,0
2018-02-13,10.55,8.5
2018-02-14,10.48,0
2018-02-15,10.44,0
2018-02-16,10.48,14
2018-02-17,10.44,10
2018-02-18,10.41,0
2018-02-19,10.39,16.1
2018-02-20,10.41,0.7
2018-02-21,10.42,65
2018-02-22,10.45,0
2018-02-23,10.44,0
2018-02-24,10.41,0
2018-02-25,10.48,64
2018-02-26,10.45,81.9
2018-02-27,10.67,0
2018-02-28,10.53,0
2018-03-01,10.46,8.5
2018-03-02,10.44,0
2018-03-03,10.5,4.3
2018-03-04,10.48,0
2018-03-05,10.45,1.2
2018-03-06,10.43,2.5
2018-03-07,10.42,2.2
2018-03-08,10.42,0
2018-03-09,10.41,13.5
2018-03-10,10.45,0
2018-03-11,10.42,0
2018-03-12,10.4,0
2018-03-13,10.4,0
2018-03-14,10.38,12.2
2018-03-15,10.38,53.6
2018-03-16,10.49,3
2018-03-17,10.59,48.7
2018-03-18,10.5,12.5
2018-03-19,10.47,0
2018-03-20,10.44,7
2018-03-21,10.48,75
2018-03-22,10.63,45
2018-03-23,10.55,0
2018-03-24,10.47,0
2018-03-25,10.45,7
2018-03-26,10.43,0
2018-03-27,10.41,1
2018-03-28,10.4,0
2018-03-29,10.39,0
2018-03-30,10.37,0
2018-03-31,10.41,0
2018-04-01,10.43,40
2018-04-02,10.45,43
2018-04-03,10.54,0
2018-04-04,10.49,10.5
2018-04-05,10.44,0
2018-04-06,10.45,48
2018-04-07,10.5,12
2018-04-08,10.47,0
2018-04-09,10.45,0
2018-04-10,10.41,0
2018-04-11,10.39,6
2018-04-12,10.39,0
2018-04-13,10.42,0
2018-04-14,10.4,0
2018-04-15,10.38,0
2018-04-16,10.36,13.5
2018-04-17,10.36,0
2018-04-18,10.35,0
2018-04-19,10.34,0
2018-04-20,10.34,25
2018-04-21,10.48,35
2018-04-22,10.53,17
2018-04-23,10.51,0
2018-04-24,10.46,5
2018-04-25,10.46,2
2018-04-26,10.42,0
2018-04-27,10.4,0
2018-04-28,10.39,1
2018-04-29,10.38,0
2018-04-30,10.37,0
2018-05-01,10.36,7.5
2018-05-02,10.35,0
2018-05-03,10.34,0
2018-05-04,10.32,0
2018-05-05,10.3,0
2018-05-06,10.34,11
2018-05-07,10.33,0
2018-05-08,10.3,0
2018-05-09,10.28,0
2018-05-10,10.26,0
2018-05-11,10.24,17
2018-05-12,10.24,8
2018-05-13,10.24,0
2018-05-14,10.22,15
2018-05-15,10.21,0
2018-05-16,10.22,47
2018-05-17,10.2,0
2018-05-18,10.19,0
2018-05-19,10.18,0
2018-05-20,10.17,3
2018-05-21,10.16,0
2018-05-22,10.14,0
2018-05-23,10.13,17
2018-05-24,10.17,20
2018-05-25,10.18,0
2018-05-26,10.18,0
2018-05-27,10.25,0
2018-05-28,10.28,0
2018-05-29,10.45,0
2018-05-30,10.42,0
2018-05-31,10.45,0
2018-06-01,10.46,10
2018-06-02,10.44,0
2018-06-03,10.41,0
2018-06-04,10.41,0
2018-06-05,10.39,0
2018-06-06,10.37,0
2018-06-07,10.37,0
2018-06-08,10.35,0
2018-06-09,10.33,0
2018-06-10,10.33,0
2018-06-11,10.3,16.5
2018-06-12,10.31,0
2018-06-13,10.29,0
2018-06-14,10.29,0
2018-06-15,10.27,0
2018-06-16,10.25,19
2018-06-17,10.26,7.5
2018-06-18,10.28,0
2018-06-19,10.28,2
2018-06-20,10.26,40
2018-06-21,10.31,13.1
2018-06-22,10.33,0
2018-06-23,10.34,0
2018-06-24,10.31,0
2018-06-25,10.3,0
2018-06-26,10.29,28.5
2018-06-27,10.3,0
2018-06-28,10.28,29
2018-06-29,10.33,57.5
2018-06-30,10.4,68
2018-07-01,10.47,64
2018-07-02,10.48,0
2018-07-03,10.45,7
2018-07-04,10.43,4.2
2018-07-05,10.42,17
2018-07-06,10.59,51.5
2018-07-07,10.5,0
2018-07-08,10.48,0
2018-07-09,10.44,0
2018-07-10,10.4,0
2018-07-11,10.39,0
2018-07-12,10.37,0
2018-07-13,10.37,0
2018-07-14,10.35,0
2018-07-15,10.34,0
2018-07-16,10.32,0
2018-07-17,10.3,0
2018-07-18,10.28,0
2018-07-19,10.27,0
2018-07-20,10.25,0
2018-07-21,10.24,0
2018-07-22,10.22,0
2018-07-23,10.26,24
2018-07-24,10.23,13
2018-07-25,10.2,20.5
2018-07-26,10.17,0
2018-07-27,10.17,0
2018-07-28,10.15,0
2018-07-29,10.15,10.5
2018-07-30,10.18,20
2018-07-31,10.17,0
2018-08-01,10.17,70
2018-08-02,10.25,35
2018-08-03,10.31,0
2018-08-04,10.3,11
2018-08-05,10.35,0
2018-08-06,10.45,66.5
2018-08-07,10.47,0
2018-08-08,10.47,0
2018-08-09,10.43,0
2018-08-10,10.41,0
2018-08-11,10.38,0
2018-08-12,10.37,0
2018-08-13,10.35,0
2018-08-14,10.34,0
2018-08-15,10.33,0
2018-08-16,10.31,0
2018-08-17,10.28,0
2018-08-18,10.26,0
2018-08-19,10.23,0
2018-08-20,10.2,0
2018-08-21,10.18,0
2018-08-22,10.17,0
2018-08-23,10.14,0
2018-08-24,10.11,0
2018-08-25,10.07,0
2018-08-26,10.07,0
2018-08-27,10.04,0
2018-08-28,10.03,9
2018-08-29,10.04,60
2018-08-30,10.05,0
2018-08-31,10.05,0
2018-09-01,10.03,0
2018-09-02,10.01,0
2018-09-03,9.99,0
2018-09-04,9.97,0
2018-09-05,9.95,0
2018-09-06,9.95,28
2018-09-07,9.95,14.15
2018-09-08,9.93,0
2018-09-09,9.91,0
2018-09-10,9.88,0
2018-09-11,9.87,3
2018-09-12,9.83,0
2018-09-13,9.81,0
2018-09-14,9.79,0
2018-09-15,9.76,0
2018-09-16,9.74,0
2018-09-17,9.71,0
2018-09-18,9.69,0
2018-09-19,9.7,44.6
2018-09-20,9.7,0
2018-09-21,9.69,0
2018-09-22,9.67,0
2018-09-23,9.64,0
2018-09-24,9.62,0
2018-09-25,9.59,0
2018-09-26,9.57,0
2018-09-27,9.54,0
2018-09-28,9.52,0
2018-09-29,9.49,0
2018-09-30,9.47,20
2018-10-01,9.48,20
2018-10-02,9.45,0
2018-10-03,9.43,7
2018-10-04,9.4,0
2018-10-05,9.38,0
2018-10-06,9.37,16.95
2018-10-07,9.35,0
2018-10-08,9.37,32.9
2018-10-09,9.35,0
2018-10-10,9.37,11.25
2018-10-11,9.39,17.5
2018-10-12,9.39,0
2018-10-13,9.39,10
2018-10-14,9.4,14.4
2018-10-15,9.4,0
2018-10-16,9.39,0
2018-10-17,9.37,0
2018-10-18,9.34,0
2018-10-19,9.35,10.05
2018-10-20,9.34,12.4
2018-10-21,9.33,7
2018-10-22,9.32,3.6
2018-10-23,9.3,0
2018-10-24,9.29,0
2018-10-25,9.27,0
2018-10-26,9.25,0
2018-10-27,9.25,32.3
2018-10-28,9.22,0
2018-10-29,9.22,10
2018-10-30,9.2,0
2018-10-31,9.18,1.05
2018-11-01,9.15,0
2018-11-02,9.15,0
2018-11-03,9.13,0
2018-11-04,9.15,7.65
2018-11-05,9.47,32.75
2018-11-06,9.5,0
2018-11-07,9.54,21.85
2018-11-08,9.6,6.25
2018-11-09,9.62,2.6
2018-11-10,9.66,0
2018-11-11,9.65,2.5
2018-11-12,9.65,1.65
2018-11-13,9.65,1.65
2018-11-14,9.64,0
2018-11-15,9.63,3.45
2018-11-16,9.62,0
2018-11-17,9.61,2.75
2018-11-18,9.65,30
2018-11-19,9.65,0
2018-11-20,9.78,67.9
2018-11-21,9.87,2.35
2018-11-22,9.88,0
2018-11-23,9.93,6.65
2018-11-24,9.97,0
2018-11-25,10.04,0
2018-11-26,10.26,28.85
2018-11-27,10.35,0
2018-11-28,10.35,2.9
2018-11-29,10.39,29.65
2018-11-30,10.39,0
2018-12-01,10.43,20
2018-12-02,10.49,4.8
2018-12-03,10.45,1.7
2018-12-04,10.47,21
2018-12-05,10.45,3.35
2018-12-06,10.62,111.5
2018-12-07,10.54,0
2018-12-08,10.47,0
2018-12-09,10.45,10
2018-12-10,10.42,0
2018-12-11,10.4,0
2018-12-12,10.38,0
2018-12-13,10.37,0
2018-12-14,10.43,32.753
2018-12-15,10.44,0
2018-12-16,10.47,10.25
2018-12-17,10.59,41
2018-12-18,10.53,37.7
2018-12-19,10.53,14.85
2018-12-20,10.51,8.55
2018-12-21,10.47,0
2018-12-22,10.47,13.3
2018-12-23,10.45,0
2018-12-24,10.43,0
2018-12-25,10.41,0
2018-12-26,10.39,1.4
2018-12-27,10.41,42.3
2018-12-28,10.39,0
2018-12-29,10.39,0
2018-12-30,10.37,0
2018-12-31,10.36,0
2019-01-01,10.36,0
2019-01-02,10.43,21.75
2019-01-03,10.45,0
2019-01-04,10.43,3.3
2019-01-05,10.41,0
2019-01-06,10.39,0
2019-01-07,10.37,0
2019-01-08,10.36,0
2019-01-09,10.4,0
2019-01-10,10.49,37
2019-01-11,10.45,0
2019-01-12,10.42,0
2019-01-13,10.45,18.05
2019-01-14,10.42,1.55
2019-01-15,10.4,0
2019-01-16,10.44,24
2019-01-17,10.45,13.8
2019-01-18,10.43,0
2019-01-19,10.41,0
2019-01-20,10.41,40.65
2019-01-21,10.39,0
2019-01-22,10.44,52
2019-01-23,10.49,36
2019-01-24,10.46,0
2019-01-25,10.43,0
2019-01-26,10.61,42.4
2019-01-27,10.53,0
2019-01-28,10.48,8.35
2019-01-29,10.45,3.6
2019-01-30,10.43,0
2019-01-31,10.41,0
2019-02-01,10.43,1.4
2019-02-02,10.42,0.75
2019-02-03,10.49,29.8
2019-02-04,10.52,40
2019-02-05,10.59,73.55
2019-02-06,10.54,1.65
2019-02-07,10.47,0
2019-02-08,10.46,22.8
2019-02-09,10.43,4.1
2019-02-10,10.42,0
2019-02-11,10.4,0
2019-02-12,10.38,0
2019-02-13,10.37,0
2019-02-14,10.36,0
2019-02-15,10.35,0
2019-02-16,10.32,0
2019-02-17,10.3,0
2019-02-18,10.28,0
2019-02-19,10.26,0
2019-02-20,10.25,0
2019-02-21,10.22,0
2019-02-22,10.2,0
2019-02-23,10.19,3.7
2019-02-24,10.17,0
2019-02-25,10.16,0
2019-02-26,10.14,0
2019-02-27,10.14,0
2019-02-28,10.12,0
2019-03-01,10.16,18
2019-03-02,10.15,0
2019-03-03,10.13,0
2019-03-04,10.12,0
2019-03-05,10.1,0
2019-03-06,10.1,11.65
2019-03-07,10.08,0
2019-03-08,10.06,0
2019-03-09,10.04,0
2019-03-10,10.08,78.2
2019-03-11,10.07,0
2019-03-12,10.2,55
2019-03-13,10.22,0
2019-03-14,10.35,59.95
2019-03-15,10.4,0
2019-03-16,10.44,17.1
2019-03-17,10.41,0
2019-03-18,10.4,4.65
2019-03-19,10.41,1.1
2019-03-20,10.4,7.5
2019-03-21,10.4,0
2019-03-22,10.39,0
2019-03-23,10.37,0
2019-03-24,10.35,0
2019-03-25,10.38,27.1
2019-03-26,10.37,0
2019-03-27,10.36,7
2019-03-28,10.35,0
2019-03-29,10.35,10
2019-03-30,10.35,4.5
2019-03-31,10.33,2.7
2019-04-01,10.32,4.25
2019-04-02,10.5,48.55
2019-04-03,10.53,11.6
2019-04-04,10.51,0
2019-04-05,10.53,33.65
2019-04-06,10.48,10
2019-04-07,10.44,0
2019-04-08,10.47,0
2019-04-09,10.51,15
2019-04-10,10.53,5.9
2019-04-11,10.51,0
2019-04-12,10.46,1.45
2019-04-13,10.44,0
2019-04-14,10.42,15.6
2019-04-15,10.42,10
2019-04-16,10.41,0.5
2019-04-17,10.42,0.9
2019-04-18,10.41,0
2019-04-19,10.39,0
2019-04-20,10.38,0
2019-04-21,10.48,22
2019-04-22,10.45,0
2019-04-23,10.43,0
2019-04-24,10.42,4
2019-04-25,10.5,41.35
2019-04-26,10.55,6
2019-04-27,10.63,19
2019-04-28,10.5,0
2019-04-29,10.45,0
2019-04-30,10.43,0
2019-05-01,10.41,0
2019-05-02,10.55,57.5
2019-05-03,10.5,0
2019-05-04,10.45,0
2019-05-05,10.43,0
2019-05-06,10.4,0
2019-05-07,10.39,0
2019-05-08,10.38,0
2019-05-09,10.38,15
2019-05-10,10.36,1.55
2019-05-11,10.35,0
2019-05-12,10.33,0
2019-05-13,10.31,0
2019-05-14,10.29,0
2019-05-15,10.28,0
2019-05-16,10.26,0
2019-05-17,10.27,10
2019-05-18,10.26,0
2019-05-19,10.25,11.75
2019-05-20,10.24,0
2019-05-21,10.22,0
2019-05-22,10.21,0
2019-05-23,10.19,0
2019-05-24,10.39,55
2019-05-25,10.4,0
2019-05-26,10.39,0
2019-05-27,10.38,21.15
2019-05-28,10.37,0
2019-05-29,10.36,2.05
2019-05-30,10.35,5
2019-05-31,10.55,32.45
2019-06-01,10.32,42.45
2019-06-02,10.5,12.053
2019-06-03,10.53,30.7
2019-06-04,10.51,26.05
2019-06-05,10.53,0
2019-06-06,10.48,0
2019-06-07,10.44,0
2019-06-08,10.47,3
2019-06-09,10.51,16.6
2019-06-10,10.53,12.1
2019-06-11,10.51,0
2019-06-12,10.46,4
2019-06-13,10.44,0
2019-06-14,10.42,2.55
2019-06-15,10.42,6.35
2019-06-16,10.41,11.65
2019-06-17,10.42,51.8
2019-06-18,10.41,4.3
2019-06-19,10.39,0.85
2019-06-20,10.38,1.3
2019-06-21,10.48,0
2019-06-22,10.45,5.1
2019-06-23,10.43,40.4
2019-06-24,10.42,0
2019-06-25,10.5,0
2019-06-26,10.55,0
2019-06-27,10.63,0
2019-06-28,10.5,14
2019-06-29,10.45,0
2019-06-30,10.43,0
2019-07-01,10.39,0
2019-07-02,10.37,0
2019-07-03,10.36,0
2019-07-04,10.35,0
2019-07-05,10.34,3.45
2019-07-06,10.32,0
2019-07-07,10.3,0
2019-07-08,10.29,0
2019-07-09,10.27,0
2019-07-10,10.26,0
2019-07-11,10.24,0
2019-07-12,10.23,3.75
2019-07-13,10.25,45.85
2019-07-14,10.32,10.5
2019-07-15,10.33,0
2019-07-16,10.34,0
2019-07-17,10.32,0
2019-07-18,10.31,0
2019-07-19,10.29,0
2019-07-20,10.28,0
2019-07-21,10.27,0
2019-07-22,10.36,66
2019-07-23,10.35,0
2019-07-24,10.33,0
2019-07-25,10.32,2.45
2019-07-26,10.31,3.35
2019-07-27,10.29,0
2019-07-28,10.27,0
2019-07-29,10.25,0
2019-07-30,10.26,12
2019-07-31,10.26,0
2019-08-01,10.25,0
2019-08-02,10.23,0
2019-08-03,10.21,0
2019-08-04,10.19,0
2019-08-05,10.17,0
2019-08-06,10.15,0
2019-08-07,10.13,0
2019-08-08,10.11,0
2019-08-09,10.09,0
2019-08-10,10.07,0
2019-08-11,10.04,0
2019-08-12,10.02,0
2019-08-13,10,0
2019-08-14,9.99,0
2019-08-15,9.97,0
2019-08-16,9.95,0
2019-08-17,9.93,0
2019-08-18,9.9,0
2019-08-19,9.88,0
2019-08-20,9.86,8.3
2019-08-21,9.86,5
2019-08-22,9.84,0
2019-08-23,9.81,0
2019-08-24,9.83,13.1
2019-08-25,9.81,0
2019-08-26,9.79,6.2
2019-08-27,9.79,0
2019-08-28,9.75,0
2019-08-29,9.69,0
2019-08-30,9.67,0
2019-08-31,9.64,0
2019-09-01,9.61,0
2019-09-02,9.59,0
2019-09-03,9.57,0
2019-09-04,9.54,0
2019-09-05,9.51,0
2019-09-06,9.49,0
2019-09-07,9.47,0
2019-09-08,9.45,0
2019-09-09,9.42,0
2019-09-10,9.39,0
2019-09-11,9.37,0
2019-09-12,9.35,0
2019-09-13,9.31,0
2019-09-14,9.29,0
2019-09-15,9.26,0
2019-09-16,9.23,0
2019-09-17,9.21,0
2019-09-18,9.19,0
2019-09-19,9.16,0
2019-09-20,9.13,0
2019-09-21,9.11,0
2019-09-22,9.08,0
2019-09-23,9.06,0
2019-09-24,9.03,4.8
2019-09-25,9.01,12.8
2019-09-26,9.01,12.8
2019-09-27,8.99,0
2019-09-28,8.95,0
2019-09-29,8.93,0
2019-09-30,8.9,8
2019-10-01,8.9,2.6
2019-10-02,8.87,26.7
2019-10-03,8.87,0
2019-10-04,8.86,0
2019-10-05,8.84,0
2019-10-06,8.82,0
2019-10-07,8.82,0
2019-10-08,8.79,37.5
2019-10-09,8.76,0.9
2019-10-10,8.74,0
2019-10-11,8.71,0.8
2019-10-12,8.69,0
2019-10-13,8.66,61.5
2019-10-14,8.7,0
2019-10-15,8.67,0
2019-10-16,8.68,36.2
2019-10-17,8.66,0
2019-10-18,8.63,0
2019-10-19,8.61,0
2019-10-20,8.61,0
2019-10-21,8.59,2.4
2019-10-22,8.55,0
2019-10-23,8.53,0
2019-10-24,8.5,0
2019-10-25,8.49,2.3
2019-10-26,8.51,31.8
2019-10-27,8.53,2.1
2019-10-28,8.51,0
2019-10-29,8.49,0
2019-10-30,8.48,0
2019-10-31,8.45,0
2019-11-01,8.45,13.7
2019-11-02,8.45,0.5
2019-11-03,8.44,0
2019-11-04,8.43,5.6
2019-11-05,8.4,0
2019-11-06,8.38,0
2019-11-07,8.36,0
2019-11-08,8.34,0
2019-11-09,8.34,10.6
2019-11-10,8.32,0
2019-11-11,8.3,2.1
2019-11-12,8.3,16.7
2019-11-13,8.29,12.4
2019-11-14,8.27,0
2019-11-15,8.25,0
2019-11-16,8.22,0
2019-11-17,8.2,0
2019-11-18,8.17,0
2019-11-19,8.14,0
2019-11-20,8.15,0
2019-11-21,8.13,0
2019-11-22,8.11,0
2019-11-23,8.09,0
2019-11-24,8.06,0
2019-11-25,8.03,0
2019-11-26,8,0
2019-11-27,8.01,22
2019-11-28,7.98,0
2019-11-29,7.96,10.5
2019-11-30,7.93,0
2019-12-01,7.91,5.8
2019-12-02,7.89,0
2019-12-03,7.85,0
2019-12-04,7.82,1.1
2019-12-05,7.79,0.6
2019-12-06,7.76,0
2019-12-07,7.73,0
2019-12-08,7.7,0
2019-12-09,7.69,7.6
2019-12-10,7.65,0
2019-12-11,7.63,0
2019-12-12,7.6,0
2019-12-13,7.63,39.4
2019-12-14,7.67,7.1
2019-12-15,7.67,0
2019-12-16,7.7,0
2019-12-17,7.7,22.4
2019-12-18,7.9,1.1
2019-12-19,8,11.1
2019-12-20,8.13,29.1
2019-12-21,8.15,0
2019-12-22,8.15,0
2019-12-23,8.16,10
2019-12-24,8.18,4.6
2019-12-25,8.17,0
2019-12-26,8.17,20
2019-12-27,8.17,0
2019-12-28,8.15,0
2019-12-29,8.13,0
2019-12-30,8.12,0
2019-12-31,8.09,0
2020-01-01,8.06,0
2020-01-02,8.07,13.1
2020-01-03,8.09,10
2020-01-04,8.25,15.9
2020-01-05,8.24,31.1
2020-01-06,8.36,3.9
2020-01-07,8.35,0
2020-01-08,8.34,0
2020-01-09,8.32,0
2020-01-10,8.3,0
2020-01-11,8.29,6.7
2020-01-12,8.31,39
2020-01-13,8.32,0
2020-01-14,8.31,1.7
2020-01-15,8.32,10.8
2020-01-16,8.31,0
2020-01-17,8.29,0
2020-01-18,8.27,0
2020-01-19,8.29,17.7
2020-01-20,8.27,0
2020-01-21,8.26,0
2020-01-22,8.23,0
2020-01-23,8.21,0
2020-01-24,8.18,0
2020-01-25,8.15,0
2020-01-26,8.12,0
2020-01-27,8.11,16.8
2020-01-28,8.21,0
2020-01-29,8.21,2.7
2020-01-30,8.53,98.8
2020-01-31,9.5,0
2020-02-01,9.55,0
2020-02-02,9.53,0
2020-02-03,9.49,0
2020-02-04,9.47,0
2020-02-05,9.45,0
2020-02-06,9.68,82.3
2020-02-07,9.67,6.2
2020-02-08,9.74,10
2020-02-09,9.73,8.5
2020-02-10,10.16,88
2020-02-11,10.27,0
2020-02-12,10.3,0
2020-02-13,10.29,0
2020-02-14,10.27,0
2020-02-15,10.25,0
2020-02-16,10.23,0
2020-02-17,10.23,1.4
2020-02-18,10.25,30.3
2020-02-19,10.28,4.1
2020-02-20,10.35,66.8
2020-02-21,10.35,0
2020-02-22,10.33,0
2020-02-23,10.31,0
2020-02-24,10.29,0
2020-02-25,10.25,0
2020-02-26,10.25,0
2020-02-27,10.26,1.2
2020-02-28,10.25,0
2020-02-29,10.23,0
2020-03-01,10.22,0
2020-03-02,10.19,0
2020-03-03,10.17,0
2020-03-04,10.17,25.7
2020-03-05,10.15,0
2020-03-06,10.14,3
2020-03-07,10.12,1.1
2020-03-08,10.13,11.6
2020-03-09,10.12,0
2020-03-10,10.13,3.2
2020-03-11,10.12,0
2020-03-12,10.1,0
2020-03-13,10.09,0
2020-03-14,10.07,0
2020-03-15,10.06,0
2020-03-16,10.04,0
2020-03-17,10.02,0
2020-03-18,10,0
2020-03-19,9.98,0
2020-03-20,9.99,13.9
2020-03-21,10.07,45.9
2020-03-22,10.11,0
2020-03-23,10.1,0
2020-03-24,10.09,0.3
2020-03-25,10.09,1.6
2020-03-26,10.29,15.4
2020-03-27,10.35,2.8
2020-03-28,10.39,12.6
2020-03-29,10.39,5.3
2020-03-30,10.37,0
2020-03-31,10.37,4.3
2020-04-01,10.49,39.6
2020-04-02,10.49,0
2020-04-03,10.45,0
2020-04-04,10.41,0
2020-04-05,10.39,0
2020-04-06,10.37,0
2020-04-07,10.37,0
2020-04-08,10.43,70.5
2020-04-09,10.64,46.5
2020-04-10,10.52,0
2020-04-11,10.46,0
2020-04-12,10.42,1.6
2020-04-13,10.57,29.6
2020-04-14,10.51,9.4
2020-04-15,10.45,0
2020-04-16,10.42,0
2020-04-17,10.4,0
2020-04-18,10.39,0
2020-04-19,10.36,0
2020-04-20,10.35,9.2
2020-04-21,10.33,0
2020-04-22,10.31,0
2020-04-23,10.3,0
2020-04-24,10.29,0
2020-04-25,10.36,30.9
2020-04-26,10.37,11
2020-04-27,10.37,0
2020-04-28,10.36,0
2020-04-29,10.36,0
2020-04-30,10.34,0
2020-05-01,10.5,18.9
2020-05-02,10.47,0
2020-05-03,10.54,17.2
2020-05-04,10.47,0
2020-05-05,10.43,0
2020-05-06,10.41,0
2020-05-07,10.4,0
2020-05-08,10.39,0
2020-05-09,10.37,1.5
2020-05-10,10.37,36.1
2020-05-11,10.35,0
2020-05-12,10.33,0
2020-05-13,10.31,0
2020-05-14,10.29,0
2020-05-15,10.27,0
2020-05-16,10.26,0
2020-05-17,10.45,113.8
2020-05-18,10.42,62.5
2020-05-19,10.52,3.4
2020-05-20,10.46,0
2020-05-21,10.42,24.3
2020-05-22,10.49,10.1
2020-05-23,10.51,0
2020-05-24,10.46,0
2020-05-25,10.43,4.9
2020-05-26,10.41,0
2020-05-27,10.39,0
2020-05-28,10.41,15.4
2020-05-29,10.42,9.8
2020-05-30,10.41,0
2020-05-31,10.41,2.6
2020-06-01,10.43,55.4
2020-06-02,10.43,0.7
2020-06-03,10.41,0.8
2020-06-04,10.39,0
2020-06-05,10.38,0
2020-06-06,10.39,31.7
2020-06-07,10.41,11.9
2020-06-08,10.4,0.9
2020-06-09,10.41,10.5
2020-06-10,10.4,0
2020-06-11,10.37,0
2020-06-12,10.36,0
2020-06-13,10.35,0
2020-06-14,10.33,0
2020-06-15,10.33,16.9
2020-06-16,10.32,0
2020-06-17,10.3,0
2020-06-18,10.32,43.8
2020-06-19,10.31,2.5
2020-06-20,10.34,1.9
2020-06-21,10.31,0
2020-06-22,10.3,1.3
2020-06-23,10.29,0.6
2020-06-24,10.27,0
2020-06-25,10.27,5.9
2020-06-26,10.4,117.4
2020-06-27,10.57,8
2020-06-28,10.49,15.5
2020-06-29,10.47,15.9
2020-06-30,10.44,0
2020-07-01,10.43,4.3
2020-07-02,10.43,1.2
2020-07-03,10.41,3.8
2020-07-04,10.49,73
2020-07-05,10.48,2
2020-07-06,10.45,0
2020-07-07,10.43,5.5
2020-07-08,10.42,0
2020-07-09,10.41,2.1
2020-07-10,10.39,0.5
2020-07-11,10.38,3
2020-07-12,10.37,1.2
2020-07-13,10.36,1.4
2020-07-14,10.35,0
2020-07-15,10.35,7.2
2020-07-16,10.35,4.5
2020-07-17,10.35,6.4
2020-07-18,10.35,4.4
2020-07-19,10.36,9
2020-07-20,10.36,11.9
2020-07-21,10.36,2.7
2020-07-22,10.35,0
2020-07-23,10.33,1.2
2020-07-24,10.33,10.5
2020-07-25,10.35,25.1
2020-07-26,10.47,27.1
2020-07-27,10.71,77.3
2020-07-28,10.6,3
2020-07-29,10.49,2.5
2020-07-30,10.44,1.6
2020-07-31,10.43,16.5
2020-08-01,10.43,1.5
2020-08-02,10.42,0
2020-08-03,10.41,24.6
2020-08-04,10.5,0
2020-08-05,10.46,16.1
2020-08-06,10.44,0
2020-08-07,10.43,0
2020-08-08,10.41,0
2020-08-09,10.39,0
2020-08-10,10.43,2.2
2020-08-11,10.42,0
2020-08-12,10.41,0.6
2020-08-13,10.45,0
2020-08-14,10.43,0
2020-08-15,10.41,0.1
2020-08-16,10.4,2.1
2020-08-17,10.39,1.8
2020-08-18,10.38,9.1
2020-08-19,10.41,71
2020-08-20,10.39,0
2020-08-21,10.38,0
2020-08-22,10.36,0
2020-08-23,10.34,0
2020-08-24,10.32,0
2020-08-25,10.31,0
2020-08-26,10.29,0
2020-08-27,10.27,0
2020-08-28,10.25,0
2020-08-29,10.23,0
2020-08-30,10.21,0
2020-08-31,10.2,1.2
2020-09-01,10.21,21.1
2020-09-02,10.21,4.8
2020-09-03,10.22,0.9
2020-09-04,10.23,4.2
2020-09-05,10.29,26.8
2020-09-06,10.3,8.9
2020-09-07,10.32,4.5
2020-09-08,10.33,8
2020-09-09,10.33,0
2020-09-10,10.33,8.1
2020-09-11,10.4,37.5
2020-09-12,10.41,0.1
2020-09-13,10.4,0
2020-09-14,10.47,64.7
2020-09-15,10.45,0
2020-09-16,10.43,0
2020-09-17,10.41,0
2020-09-18,10.39,0
2020-09-19,10.38,7.3
2020-09-20,10.36,0
2020-09-21,10.35,0
2020-09-22,10.34,9.2
2020-09-23,10.33,9.3
2020-09-24,10.41,34.2
2020-09-25,10.4,0
2020-09-26,10.39,3.1
2020-09-27,10.44,42.7
2020-09-28,10.45,16.9
2020-09-29,10.44,1.4
2020-09-30,10.41,0
2020-10-01,10.43,84.2
2020-10-02,10.42,20
2020-10-03,10.42,1
2020-10-04,10.4,0
2020-10-05,10.39,0
2020-10-06,10.38,0
2020-10-07,10.36,0
2020-10-08,10.34,0
2020-10-09,10.41,39.1
2020-10-10,10.45,4.1
2020-10-11,10.43,0
2020-10-12,10.41,0
2020-10-13,10.4,6
2020-10-14,10.39,0
2020-10-15,10.39,10.8
2020-10-16,10.4,2.5
2020-10-17,10.4,17
2020-10-18,10.45,9.2
2020-10-19,10.47,11
2020-10-20,10.47,4.2
2020-10-21,10.45,0
2020-10-22,10.42,0
2020-10-23,10.4,0
2020-10-24,10.39,0
2020-10-25,10.37,0
2020-10-26,10.35,17.1
2020-10-27,10.33,0
2020-10-28,10.33,0
2020-10-29,10.31,0
2020-10-30,10.29,0
2020-10-31,10.28,10.3
2020-11-01,10.29,9
2020-11-02,10.32,0
2020-11-03,10.29,18.7
2020-11-04,10.27,0
2020-11-05,10.25,0
2020-11-06,10.27,21
2020-11-07,10.32,6.4
2020-11-08,10.35,35.3
2020-11-09,10.43,0
2020-11-10,10.41,0
2020-11-11,10.39,0
2020-11-12,10.39,8.2
2020-11-13,10.37,0
2020-11-14,10.35,0
2020-11-15,10.34,5.1
2020-11-16,10.35,0
2020-11-17,10.33,0
2020-11-18,10.33,0
2020-11-19,10.32,10.6
2020-11-20,10.31,0
2020-11-21,10.3,7.5
2020-11-22,10.35,0.5
2020-11-23,10.34,0
2020-11-24,10.37,0.6
2020-11-25,10.34,33.3
2020-11-26,10.43,0
2020-11-27,10.47,54.4
2020-11-28,10.55,8.5
2020-11-29,10.51,28.2
2020-11-30,10.57,65.8
2020-12-01,10.53,9.2
2020-12-02,10.49,7.3
2020-12-03,10.45,0
2020-12-04,10.43,0
2020-12-05,10.41,0
2020-12-06,10.39,0
2020-12-07,10.37,0
2020-12-08,10.37,8
2020-12-09,10.37,1
2020-12-10,10.39,38
2020-12-11,10.42,25
2020-12-12,10.42,0.5
2020-12-13,10.47,21.4
2020-12-14,10.45,0
2020-12-15,10.43,0
2020-12-16,10.41,8.2
2020-12-17,10.42,7.6
2020-12-18,10.43,0
2020-12-19,10.42,2.2
2020-12-20,10.41,0
2020-12-21,10.39,0
2020-12-22,10.43,23.5
2020-12-23,10.43,0
2020-12-24,10.41,0
2020-12-25,10.4,0
2020-12-26,10.41,11.1
2020-12-27,10.39,4
2020-12-28,10.39,6.2
2020-12-29,10.38,0.1
2020-12-30,10.37,0
2020-12-31,10.69,74.8
2021-01-01,10.57,8.9
2021-01-02,10.51,0
2021-01-03,10.5,0
2021-01-04,10.55,34.8
2021-01-05,10.53,14.5
2021-01-06,10.5,0.9
2021-01-07,10.47,0
2021-01-08,10.47,20.3
2021-01-09,10.53,30.8
2021-01-10,10.53,10.5
2021-01-11,10.64,17.8
2021-01-12,10.52,6.6
2021-01-13,10.49,12
2021-01-14,10.47,6.9
2021-01-15,10.5,24
2021-01-16,10.5,0.6
2021-01-17,10.46,2
2021-01-18,10.43,2
2021-01-19,10.41,0.9
2021-01-20,10.4,0
2021-01-21,10.39,0
2021-01-22,10.39,16.6
2021-01-23,10.39,4.8
2021-01-24,10.38,0
2021-01-25,10.38,6.6
2021-01-26,10.37,0.5
2021-01-27,10.35,0.6
2021-01-28,10.38,29
2021-01-29,10.39,0
2021-01-30,10.38,0
2021-01-31,10.37,0
2021-02-01,10.37,0.6
2021-02-02,10.37,0
2021-02-03,10.36,0
2021-02-04,10.55,62.2
2021-02-05,10.48,0
2021-02-06,10.45,0.5
2021-02-07,10.43,0
2021-02-08,10.42,1.3
2021-02-09,10.49,27.9
2021-02-10,10.45,1.2
2021-02-11,10.43,0.6
2021-02-12,10.42,0
2021-02-13,10.43,22.8
2021-02-14,10.43,25.4
2021-02-15,10.45,0.5
2021-02-16,10.43,0
2021-02-17,10.42,2.1
2021-02-18,10.44,36.4
2021-02-19,10.42,0
2021-02-20,10.41,1.8
2021-02-21,10.39,0
2021-02-22,10.38,3.2
2021-02-23,10.39,11.1
2021-02-24,10.39,0
2021-02-25,10.39,0
2021-02-26,10.36,0
2021-02-27,10.36,14.5
2021-02-28,10.35,0
2021-03-01,10.33,0
2021-03-02,10.33,13.5
2021-03-03,10.43,38.5
2021-03-04,10.43,2.4
2021-03-05,10.41,0
2021-03-06,10.41,11.1
2021-03-07,10.39,0
2021-03-08,10.37,0
2021-03-09,10.48,16.7
2021-03-10,10.69,64.7
2021-03-11,10.53,8.3
2021-03-12,10.48,3.1
2021-03-13,10.45,0
2021-03-14,10.42,2.5
2021-03-15,10.41,2.2
2021-03-16,10.39,0
2021-03-17,10.37,0
2021-03-18,10.37,0.7
2021-03-19,10.35,1.2
2021-03-20,10.33,0
2021-03-21,10.41,56.9
2021-03-22,10.47,12.5
2021-03-23,10.49,32
2021-03-24,10.49,6.5
2021-03-25,10.45,0
2021-03-26,10.43,9.1
2021-03-27,10.41,0
2021-03-28,10.41,0.2
2021-03-29,10.45,2.4
2021-03-30,10.43,0
2021-03-31,10.44,5.6
2021-04-01,10.42,4.5
2021-04-02,10.41,14.9
2021-04-03,10.4,0
2021-04-04,10.39,2.6
2021-04-05,10.38,0
2021-04-06,10.41,5
2021-04-07,10.39,0
2021-04-08,10.43,13.1
2021-04-09,10.43,3.5
2021-04-10,10.41,2
2021-04-11,10.4,0
2021-04-12,10.39,13.8
2021-04-13,10.38,0
2021-04-14,10.45,1.1
2021-04-15,10.43,8.3
2021-04-16,10.42,34.3
2021-04-17,10.43,0
2021-04-18,10.42,0.9
2021-04-19,10.4,0
2021-04-20,10.39,0
2021-04-21,10.37,0
2021-04-22,10.36,0
2021-04-23,10.34,0
2021-04-24,10.32,3.5
2021-04-25,10.31,0
2021-04-26,10.3,0.6
2021-04-27,10.27,0
2021-04-28,10.26,0
2021-04-29,10.24,2.4
2021-04-30,10.22,0
2021-05-01,10.22,0
2021-05-02,10.21,0
2021-05-03,10.19,18.9
2021-05-04,10.18,0.7
2021-05-05,10.16,1.5
2021-05-06,10.21,24.3
2021-05-07,10.29,42.7
2021-05-08,10.38,62.3
2021-05-09,10.37,0
2021-05-10,10.45,21.7
2021-05-11,10.43,0
2021-05-12,10.41,0
2021-05-13,10.41,0
2021-05-14,10.41,0.8
2021-05-15,10.41,14
2021-05-16,10.39,0
2021-05-17,10.38,0
2021-05-18,10.37,0
2021-05-19,10.35,2
2021-05-20,10.34,2.3
2021-05-21,10.34,37.3
2021-05-22,10.35,5.3
2021-05-23,10.35,10.3
2021-05-24,10.34,0
2021-05-25,10.33,0
2021-05-26,10.49,15.7
2021-05-27,10.44,0
2021-05-28,10.42,0
2021-05-29,10.4,0
2021-05-30,10.47,43
2021-05-31,10.45,2.8
2021-06-01,10.48,27.5
2021-06-02,10.45,9.7
2021-06-03,10.42,0
2021-06-04,10.41,0
2021-06-05,10.39,0
2021-06-06,10.37,0
2021-06-07,10.38,38.7
2021-06-08,10.39,9.1
2021-06-09,10.39,0
2021-06-10,10.38,0
2021-06-11,10.44,2.1
2021-06-12,10.43,0
2021-06-13,10.43,0
2021-06-14,10.41,0
2021-06-15,10.4,9.2
2021-06-16,10.4,7.2
2021-06-17,10.39,0
2021-06-18,10.43,46.2
2021-06-19,10.53,6.5
2021-06-20,10.46,0
2021-06-21,10.44,0
2021-06-22,10.48,35.4
2021-06-23,10.45,0
2021-06-24,10.42,0
2021-06-25,10.57,50.3
2021-06-26,10.52,10.3
2021-06-27,10.46,0
2021-06-28,10.44,0
2021-06-29,10.42,1.4
2021-06-30,10.51,65.2
2021-07-01,10.49,0
2021-07-02,10.49,45.6
2021-07-03,10.47,1.3
2021-07-04,10.47,12.4
2021-07-05,10.48,24.4
2021-07-06,10.45,0
2021-07-07,10.43,0
2021-07-08,10.42,1.3
2021-07-09,10.43,14.5
2021-07-10,10.41,0
2021-07-11,10.42,33.3
2021-07-12,10.43,4.3
2021-07-13,10.42,0
2021-07-14,10.41,2
2021-07-15,10.41,6.7
2021-07-16,10.41,11.6
2021-07-17,10.4,0
2021-07-18,10.39,0
2021-07-19,10.39,0
2021-07-20,10.37,0
2021-07-21,10.36,0
2021-07-22,10.35,0
2021-07-23,10.33,0
2021-07-24,10.31,0
2021-07-25,10.3,0
2021-07-26,10.3,0
2021-07-27,10.29,0
2021-07-28,10.26,0
2021-07-29,10.24,0
2021-07-30,10.22,0
2021-07-31,10.2,0
2021-08-01,10.19,0
2021-08-02,10.17,1.1
2021-08-03,10.16,0
2021-08-04,10.15,2.6
2021-08-05,10.13,0
2021-08-06,10.11,7
2021-08-07,10.09,0
2021-08-08,10.07,0
2021-08-09,10.08,0
2021-08-10,10.06,0
2021-08-11,10.05,12.6
2021-08-12,10.08,51.1
2021-08-13,10.11,3.4
2021-08-14,10.11,13.9
2021-08-15,10.09,0
2021-08-16,10.08,4.5
2021-08-17,10.09,18.3
2021-08-18,10.08,1.4
2021-08-19,10.07,0
2021-08-20,10.08,5.9
2021-08-21,10.06,5.7
2021-08-22,10.06,7.8
2021-08-23,10.15,46.2
2021-08-24,10.22,0
2021-08-25,10.22,6.4
2021-08-26,10.31,18.4
2021-08-27,10.31,0
2021-08-28,10.66,128.5
2021-08-29,10.62,1.5
2021-08-30,10.63,61.3
2021-08-31,10.55,4.5
2021-09-01,10.49,10.3
2021-09-02,10.51,25
2021-09-03,10.95,101.3
2021-09-04,10.75,56.1
2021-09-05,10.55,1.1
2021-09-06,10.51,26.8
2021-09-07,10.47,0
2021-09-08,10.44,3.2
2021-09-09,10.57,66.6
2021-09-10,10.51,5.2
2021-09-11,10.46,2.7
2021-09-12,10.49,49.9
2021-09-13,10.51,1.4
2021-09-14,10.46,0
2021-09-15,10.43,0.6
2021-09-16,10.49,34.2
2021-09-17,10.45,0
2021-09-18,10.44,0
2021-09-19,10.43,0
2021-09-20,10.42,0.2
2021-09-21,10.41,5.6
2021-09-22,10.4,1.1
2021-09-23,10.38,0
2021-09-24,10.39,1.1
2021-09-25,10.43,51.9
2021-09-26,10.39,0
2021-09-27,10.53,0
2021-09-28,10.47,0
2021-09-29,10.45,38.5
2021-09-30,10.42,0
2021-10-01,10.41,4.3
2021-10-02,10.43,37.9
2021-10-03,10.44,0
2021-10-04,10.45,15.5
2021-10-05,10.5,19.7
2021-10-06,10.46,0
2021-10-07,10.43,0
2021-10-08,10.41,0
2021-10-09,10.39,0
2021-10-10,10.38,0
2021-10-11,10.38,15.2
2021-10-12,10.45,39.3
2021-10-13,10.44,0
2021-10-14,10.42,0
2021-10-15,10.4,0
2021-10-16,10.39,8
2021-10-17,10.38,0
2021-10-18,10.41,30.5
2021-10-19,10.4,0
2021-10-20,10.45,39
2021-10-21,10.44,0
2021-10-22,10.45,37
2021-10-23,10.43,1
2021-10-24,10.42,8
2021-10-25,10.39,0
2021-10-26,10.35,2
2021-10-27,10.33,2
2021-10-28,10.33,10
2021-10-29,10.31,0
2021-10-30,10.29,24.5
2021-10-31,10.28,4.5
2021-11-01,10.29,0
2021-11-02,10.32,14
2021-11-03,10.29,0
2021-11-04,10.27,2.5
2021-11-05,10.25,15.5
2021-11-06,10.27,0
2021-11-07,10.32,11.5
2021-11-08,10.35,30
2021-11-09,10.43,0
2021-11-10,10.41,5
2021-11-11,10.39,5.5
2021-11-12,10.39,2
2021-11-13,10.37,21.5
2021-11-14,10.35,0
2021-11-15,10.34,3
2021-11-16,10.35,25
2021-11-17,10.33,0
2021-11-18,10.33,1
2021-11-19,10.32,0
2021-11-20,10.31,0
2021-11-21,10.3,7
2021-11-22,10.35,6.5
2021-11-23,10.34,10
2021-11-24,10.37,0
2021-11-25,10.34,0
2021-11-26,10.31,3
2021-11-27,10.3,6
2021-11-28,10.33,5.5
2021-11-29,10.32,1
2021-11-30,10.31,0
2021-12-01,10.29,0
2021-12-02,10.28,0
2021-12-03,10.26,14.5
2021-12-04,10.24,0
2021-12-05,10.24,0
2021-12-06,10.25,7.5
2021-12-07,10.27,17.5
2021-12-08,10.28,9
2021-12-09,10.27,0
2021-12-10,10.39,31
2021-12-11,10.43,3.5
2021-12-12,10.46,7.5
2021-12-13,10.47,21.5
2021-12-14,10.44,10.5
2021-12-15,10.43,4
2021-12-16,10.41,3.5
2021-12-17,10.41,0
2021-12-18,10.37,2
2021-12-19,10.36,0
2021-12-20,10.35,2
2021-12-21,10.35,12.5
2021-12-22,10.33,0
2021-12-23,10.46,76.5
2021-12-24,10.47,0
2021-12-25,10.45,2.5
2021-12-26,10.44,0
2021-12-27,10.53,27
2021-12-28,10.47,9.5
2021-12-29,10.47,5
2021-12-30,10.53,31.5
2021-12-31,10.48,0
2022-01-01,10.44,0
2022-01-02,10.41,1
2022-01-03,10.39,1
2022-01-04,10.37,1
2022-01-05,10.37,9.5
2022-01-06,10.44,22
2022-01-07,10.41,0
2022-01-08,10.6,72
2022-01-09,10.49,0
2022-01-10,10.45,0.5
2022-01-11,10.41,0
2022-01-12,10.43,10
2022-01-13,10.5,50.5
2022-01-14,10.46,2
2022-01-15,10.43,3
2022-01-16,10.43,4.5
2022-01-17,10.42,0
2022-01-18,10.4,0
2022-01-19,10.53,68
2022-01-20,10.57,1
2022-01-21,10.61,37
2022-01-22,10.51,5
2022-01-23,10.49,11
2022-01-24,10.47,1.5
2022-01-25,10.44,0
2022-01-26,10.42,1
2022-01-27,10.39,0
2022-01-28,10.37,2
2022-01-29,10.45,42.5
2022-01-30,10.42,0
2022-01-31,10.4,0
2022-02-01,10.39,8.5
2022-02-02,10.37,0
2022-02-03,10.37,0
2022-02-04,10.35,0
2022-02-05,10.41,5.5
2022-02-06,10.6,55.5
2022-02-07,10.64,5
2022-02-08,10.53,7.5
2022-02-09,10.52,28.5
2022-02-10,10.5,0
2022-02-11,10.45,4
2022-02-12,10.45,5.5
2022-02-13,10.43,0
2022-02-14,10.44,2
2022-02-15,10.45,6.5
2022-02-16,10.45,60
2022-02-17,10.43,0
2022-02-18,10.42,0
2022-02-19,10.4,3
2022-02-20,10.39,0.5
2022-02-21,10.37,0.5
2022-02-22,10.35,0
2022-02-23,10.43,32
2022-02-24,10.43,10.5
2022-02-25,10.43,9
2022-02-26,10.42,0
2022-02-27,10.39,0
2022-02-28,10.39,3.5
2022-03-01,10.38,4.5
2022-03-02,10.37,0
2022-03-03,10.48,17.5
2022-03-04,10.45,0
2022-03-05,10.43,7
2022-03-06,10.45,6.5
2022-03-07,10.57,24.5
2022-03-08,10.49,0
2022-03-09,10.49,0
2022-03-10,10.42,0
2022-03-11,10.4,0
2022-03-12,10.38,0
2022-03-13,10.48,28.5
2022-03-14,10.45,10.5
2022-03-15,10.42,0
2022-03-16,10.63,173
2022-03-17,10.56,2
2022-03-18,10.47,0
2022-03-19,10.43,1
2022-03-20,10.43,27.5
2022-03-21,10.42,0
2022-03-22,10.51,44
2022-03-23,10.47,2
2022-03-24,10.43,0
2022-03-25,10.41,0
2022-03-26,10.4,0
2022-03-27,10.41,6
2022-03-28,10.41,0
2022-03-29,10.39,0
2022-03-30,10.38,0
2022-03-31,10.37,0
2022-04-01,10.36,0
2022-04-02,10.37,30
2022-04-03,10.41,16
2022-04-04,10.47,26
2022-04-05,10.44,0
2022-04-06,10.42,0
2022-04-07,10.41,7
2022-04-08,10.39,4.5
2022-04-09,10.37,0
2022-04-10,10.36,0
2022-04-11,10.36,3
2022-04-12,10.34,0
2022-04-13,10.32,1
2022-04-14,10.31,0
2022-04-15,10.29,0
2022-04-16,10.29,0
2022-04-17,10.31,2
2022-04-18,10.29,0
2022-04-19,10.26,0
2022-04-20,10.34,46.5
2022-04-21,10.34,0
2022-04-22,10.37,38
2022-04-23,10.36,0
2022-04-24,10.34,0
2022-04-25,10.43,14.5
2022-04-26,10.45,56.5
2022-04-27,10.43,7
2022-04-28,10.42,0
2022-04-29,10.4,0
2022-04-30,10.39,0
2022-05-01,10.38,0
2022-05-02,10.38,0
2022-05-03,10.37,6
2022-05-04,10.45,62.5
2022-05-05,10.48,0
2022-05-06,10.46,0
2022-05-07,10.44,0
2022-05-08,10.41,0
2022-05-09,10.39,3
2022-05-10,10.47,15
2022-05-11,10.44,0
2022-05-12,10.42,0
2022-05-13,10.45,16.5
2022-05-14,10.43,1.5
2022-05-15,10.41,1
2022-05-16,10.39,0
2022-05-17,10.41,4.5
2022-05-18,10.42,49
2022-05-19,10.4,0
2022-05-20,10.39,10.5
2022-05-21,10.38,0
2022-05-22,10.38,0
2022-05-23,10.37,0
2022-05-24,10.36,0
2022-05-25,10.35,0
2022-05-26,10.34,0
2022-05-27,10.32,0
2022-05-28,10.3,0
2022-05-29,10.28,2.5
2022-05-30,10.27,2.5
2022-05-31,10.25,0
2022-06-01,10.23,0
2022-06-02,10.21,0
2022-06-03,10.19,0
2022-06-04,10.17,2
2022-06-05,10.17,11
2022-06-06,10.16,0
2022-06-07,10.15,4.5
2022-06-08,10.13,1
2022-06-09,10.11,0
2022-06-10,10.1,2.5
2022-06-11,10.08,0
2022-06-12,10.07,15
2022-06-13,10.05,7.5
2022-06-14,10.03,2.5
2022-06-15,10.03,5
2022-06-16,10.03,18
2022-06-17,10.07,33
2022-06-18,10.19,32.5
2022-06-19,10.18,0
2022-06-20,10.17,59
2022-06-21,10.15,1.5
2022-06-22,10.14,1.5
2022-06-23,10.12,0
2022-06-24,10.11,3
2022-06-25,10.1,1
2022-06-26,10.52,0
2022-06-27,10.46,0
2022-06-28,10.44,2
2022-06-29,10.42,0
2022-06-30,10.51,9
2022-07-01,10.49,7.5
2022-07-02,10.49,1
2022-07-03,10.47,0
2022-07-04,10.47,42
2022-07-05,10.48,0
2022-07-06,10.45,0
2022-07-07,10.43,0
2022-07-08,10.42,0
2022-07-09,10.43,5
2022-07-10,10.41,0
2022-07-11,10.42,0
2022-07-12,10.43,7.5
2022-07-13,10.42,0
2022-07-14,10.41,14
2022-07-15,10.41,0
2022-07-16,10.41,6
2022-07-17,10.4,0
2022-07-18,10.39,0
2022-07-19,10.39,0
2022-07-20,10.37,0
2022-07-21,10.36,0
2022-07-22,10.35,0
2022-07-23,10.33,0
2022-07-24,10.31,47
2022-07-25,10.3,0
2022-07-26,10.11,36.5
2022-07-27,10.12,2
2022-07-28,10.1,2.5
2022-07-29,10.1,9
2022-07-30,10.08,1.5
2022-07-31,10.15,25
2022-08-01,10.13,0
2022-08-02,10.12,0
2022-08-03,10.12,1
2022-08-04,10.2,0
2022-08-05,10.23,6
2022-08-06,10.23,2.5
2022-08-07,10.21,1.5
2022-08-08,10.2,0
2022-08-09,10.2,0
2022-08-10,10.2,4
2022-08-11,10.2,0
2022-08-12,10.18,0
2022-08-13,10.2,28
2022-08-14,10.2,11
2022-08-15,10.22,5
2022-08-16,10.21,0
2022-08-17,10.2,2.5
2022-08-18,10.23,6
2022-08-19,10.21,0
2022-08-20,10.21,10.5
2022-08-21,10.2,2
2022-08-22,10.21,0
2022-08-23,10.22,1
2022-08-24,10.22,4
2022-08-25,10.22,13.5
2022-08-26,10.22,1
2022-08-27,10.27,7.5
2022-08-28,10.27,6
2022-08-29,10.4,15
2022-08-30,10.39,6
2022-08-31,10.58,90
2022-09-01,10.49,6.5
2022-09-02,10.43,2
2022-09-03,10.4,0
2022-09-04,10.4,0
2022-09-05,10.4,46.5
2022-09-06,10.46,4.5
2022-09-07,10.42,0
2022-09-08,10.39,0
2022-09-09,10.37,7
2022-09-10,10.39,11.5
2022-09-11,10.35,14
2022-09-12,10.31,0
2022-09-13,10.27,11
2022-09-14,10.44,112
2022-09-15,10.43,0
2022-09-16,10.41,0
2022-09-17,10.41,0
2022-09-18,10.38,0
2022-09-19,10.35,0
2022-09-20,10.35,4
2022-09-21,10.34,14
2022-09-22,10.4,4
2022-09-23,10.43,0
2022-09-24,10.41,0
2022-09-25,10.66,34.5
2022-09-26,10.55,25
2022-09-27,10.47,14
2022-09-28,10.43,0
2022-09-29,10.4,7
2022-09-30,10.4,21
2022-10-01,10.37,9
2022-10-02,10.35,2
2022-10-03,10.32,5.5
2022-10-04,10.3,7
2022-10-05,10.31,4
2022-10-06,10.49,28
2022-10-07,10.45,0
2022-10-08,10.51,37
2022-10-09,10.57,5.5
2022-10-10,10.55,25
2022-10-11,10.55,46
2022-10-12,10.53,43
2022-10-13,10.48,1
2022-10-14,10.43,1
2022-10-15,10.39,0
2022-10-16,10.36,0
2022-10-17,10.33,0
2022-10-18,10.29,0
2022-10-19,10.24,13
2022-10-20,10.26,6
2022-10-21,10.22,0
2022-10-22,10.32,15
2022-10-23,10.35,10
2022-10-24,10.31,0
2022-10-25,10.33,27.5
2022-10-26,10.29,0
2022-10-27,10.33,17
2022-10-28,10.36,10.5
2022-10-29,10.34,0
2022-10-30,10.35,9
2022-10-31,10.3,0
2022-11-01,10.25,0
2022-11-02,10.21,0
2022-11-03,10.17,0
2022-11-04,10.13,0
2022-11-05,10.08,0
2022-11-06,10.03,0
2022-11-07,9.98,1.5
2022-11-08,9.94,0
2022-11-09,9.89,2.5
2022-11-10,9.84,3.5
2022-11-11,9.8,0
2022-11-12,9.75,0
2022-11-13,9.69,0
2022-11-14,9.63,2.5
2022-11-15,9.59,43
2022-11-16,9.66,7
2022-11-17,9.63,0
2022-11-18,9.66,17
2022-11-19,9.66,9
2022-11-20,9.63,0
2022-11-21,9.6,1.5
2022-11-22,9.63,20
2022-11-23,9.59,0
2022-11-24,9.57,3
2022-11-25,9.51,5
2022-11-26,9.46,3.5
2022-11-27,9.43,5
2022-11-28,9.4,0
2022-11-29,9.53,28
2022-11-30,9.58,2
2022-12-01,9.62,16
2022-12-02,9.6,0
2022-12-03,9.58,0
2022-12-04,9.56,0
2022-12-05,9.58,5
2022-12-06,9.6,12
2022-12-07,9.58,0
2022-12-08,9.55,0
2022-12-09,9.53,0
2022-12-10,9.5,0
2022-12-11,9.45,1
2022-12-12,9.52,22
2022-12-13,9.56,55
2022-12-14,9.59,1
2022-12-15,9.58,0
2022-12-16,9.6,5
2022-12-17,9.65,1
2022-12-18,9.66,1
2022-12-19,9.64,0
2022-12-20,9.62,0
2022-12-21,9.65,3.5
2022-12-22,9.65,12
2022-12-23,9.65,10
2022-12-24,9.62,0
2022-12-25,9.6,4
2022-12-26,9.68,16
2022-12-27,9.65,0
2022-12-28,9.69,15
2022-12-29,9.66,0
2022-12-30,9.62,10
2022-12-31,9.57,0
2023-01-01,9.55,0
2023-01-02,9.53,0
2023-01-03,9.56,6
2023-01-04,9.57,3
2023-01-05,9.55,0
2023-01-06,9.52,0
2023-01-07,9.53,13
2023-01-08,9.54,7
2023-01-09,9.52,0
2023-01-10,9.49,8
2023-01-11,9.47,0
2023-01-12,9.45,0
2023-01-13,9.43,0
2023-01-14,9.41,0
2023-01-15,9.39,0
2023-01-16,9.36,1.5
2023-01-17,9.33,0
2023-01-18,9.38,12
2023-01-19,9.39,0
2023-01-20,9.39,0
2023-01-21,9.41,10
2023-01-22,9.56,12
2023-01-23,9.6,4
2023-01-24,9.6,9.5
2023-01-25,9.69,72
2023-01-26,10.42,11.5
2023-01-27,10.39,15
2023-01-28,10.37,4.5
2023-01-29,10.45,11
2023-01-30,10.42,2.5
2023-01-31,10.4,47
2023-02-01,10.39,3
2023-02-02,10.37,3.5
2023-02-03,10.37,3
2023-02-04,10.35,5
2023-02-05,10.41,5.5
2023-02-06,10.6,31
2023-02-07,10.64,0
2023-02-08,10.53,0
2023-02-09,10.52,3
2023-02-10,10.5,0
2023-02-11,10.45,0
2023-02-12,10.45,13
2023-02-13,10.43,5
2023-02-14,10.44,0
2023-02-15,10.45,13.5
2023-02-16,10.45,34.5
2023-02-17,10.43,0
2023-02-18,10.42,0
2023-02-19,10.4,0
2023-02-20,10.39,21
2023-02-21,10.37,14.5
2023-02-22,10.35,0
2023-02-23,10.43,4
2023-02-24,10.43,25.5
2023-02-25,10.43,16.5
2023-02-26,10.43,20
2023-02-27,10.61,40.5
2023-02-28,10.5,0
2023-03-01,10.49,33.5
2023-03-02,10.45,1
2023-03-03,10.53,18.5
2023-03-04,10.49,7
2023-03-05,10.45,0
2023-03-06,10.42,0
2023-03-07,10.42,2.5
2023-03-08,10.48,33
2023-03-09,10.5,5.5
2023-03-10,10.47,14.5
2023-03-11,10.43,0
2023-03-12,10.4,2
2023-03-13,10.42,8
2023-03-14,10.39,13
2023-03-15,10.6,85
2023-03-16,10.52,0
2023-03-17,10.46,12
2023-03-18,10.43,0
2023-03-19,10.41,0
2023-03-20,10.39,1
2023-03-21,10.37,3
2023-03-22,10.38,3
2023-03-23,10.45,0
2023-03-24,10.43,0
2023-03-25,10.4,2
2023-03-26,10.41,3
2023-03-27,10.38,0
2023-03-28,10.37,0
2023-03-29,10.37,0
2023-03-30,10.37,6
2023-03-31,10.4,0
2023-04-01,10.5,32
2023-04-02,10.46,0
2023-04-03,10.43,9
2023-04-04,10.41,20
2023-04-05,10.43,0
2023-04-06,10.4,0
2023-04-07,10.38,0
2023-04-08,10.44,31.5
2023-04-09,10.46,23
2023-04-10,10.44,7
2023-04-11,10.41,3
2023-04-12,10.38,7.5
2023-04-13,10.36,0
2023-04-14,10.33,13.5
2023-04-15,10.35,9.5
2023-04-16,10.31,2
2023-04-17,10.27,0
2023-04-18,10.25,0
2023-04-19,10.23,9
2023-04-20,10.2,0
2023-04-21,10.17,0
2023-04-22,10.14,4
2023-04-23,10.12,0
2023-04-24,10.1,0
2023-04-25,10.56,63
2023-04-26,10.61,0
2023-04-27,10.49,0
2023-04-28,10.46,0
2023-04-29,10.42,0
2023-04-30,10.38,0
2023-05-01,10.37,3
2023-05-02,10.35,0
2023-05-03,10.32,0
2023-05-04,10.28,0
2023-05-05,10.25,3
2023-05-06,10.22,0
2023-05-07,10.25,16
2023-05-08,10.24,12
2023-05-09,10.26,0
2023-05-10,10.27,8
2023-05-11,10.25,0
2023-05-12,10.22,0
2023-05-13,10.2,0
2023-05-14,10.31,24
2023-05-15,10.35,10
2023-05-16,10.33,3
2023-05-17,10.33,4
2023-05-18,10.31,1
2023-05-19,10.32,0
2023-05-20,10.31,0
2023-05-21,10.28,0
2023-05-22,10.28,35
2023-05-23,10.27,0
2023-05-24,10.25,0
2023-05-25,10.22,1
2023-05-26,10.2,1
2023-05-27,10.17,7
2023-05-28,10.16,17
2023-05-29,10.18,4
2023-05-30,10.16,0
2023-05-31,10.17,15.5
2023-06-01,10.15,0
2023-06-02,10.13,0
2023-06-03,10.11,0
2023-06-04,10.08,10
2023-06-05,10.07,0
2023-06-06,10.07,12
2023-06-07,10.05,0
2023-06-08,10.02,9
2023-06-09,10.03,0
2023-06-10,10,0
2023-06-11,9.98,0
2023-06-12,9.95,0
2023-06-13,9.93,0
2023-06-14,9.9,0
2023-06-15,9.91,6
2023-06-16,9.89,1
2023-06-17,9.87,0
2023-06-18,9.85,0
2023-06-19,9.87,62
2023-06-20,10.03,0
2023-06-21,10.01,0
2023-06-22,9.99,0
2023-06-23,9.97,0
2023-06-24,9.95,0
2023-06-25,9.93,0
2023-06-26,9.93,0
2023-06-27,9.91,3
2023-06-28,9.9,0
2023-06-29,9.89,1
2023-06-30,9.89,0
2023-07-01,10.37,3
2023-07-02,10.35,0
2023-07-03,10.32,0
2023-07-04,10.28,0
2023-07-05,10.25,0
2023-07-06,10.22,3
2023-07-07,10.25,0
2023-07-08,10.24,16
2023-07-09,10.26,12
2023-07-10,10.27,0
2023-07-11,10.25,8
2023-07-12,10.22,0
2023-07-13,10.2,0
2023-07-14,10.31,24
2023-07-15,10.35,10
2023-07-16,10.33,3
2023-07-17,10.31,4
2023-07-18,10.32,1
2023-07-19,10.31,0
2023-07-20,10.28,0
2023-07-21,10.28,0
2023-07-22,10.27,35
2023-07-23,10.25,0
2023-07-24,10.22,0
2023-07-25,10.2,1
2023-07-26,9.76,0
2023-07-27,9.74,0
2023-07-28,9.72,0
2023-07-29,9.7,0
2023-07-30,9.68,0
2023-07-31,9.66,0
2023-08-01,9.64,0
2023-08-02,9.62,0
2023-08-03,9.6,0
2023-08-04,9.58,0
2023-08-05,9.55,0
2023-08-06,9.53,0
2023-08-07,9.57,64
2023-08-08,9.57,9
2023-08-09,9.58,0
2023-08-10,9.55,0
2023-08-11,9.56,0
2023-08-12,9.56,0
2023-08-13,9.51,0
2023-08-14,9.48,0
2023-08-15,9.46,0
2023-08-16,9.44,0
2023-08-17,9.41,0
2023-08-18,9.35,2
2023-08-19,9.33,0
2023-08-20,9.31,0
2023-08-21,9.29,0
2023-08-22,9.27,0
2023-08-23,9.31,0
2023-08-24,9.24,0
2023-08-25,9.24,17.5
2023-08-26,9.21,1.5
2023-08-27,9.19,0
2023-08-28,9.16,0
2023-08-29,9.14,0
2023-08-30,9.11,0
2023-08-31,9.09,0
2023-09-01,9.05,0
2023-09-02,9.03,0
2023-09-03,9.01,0
2023-09-04,8.99,0
2023-09-05,8.96,0
2023-09-06,8.92,0
2023-09-07,8.88,0
2023-09-08,8.84,0
2023-09-09,8.82,0
2023-09-10,8.8,0
2023-09-11,8.77,0
2023-09-12,8.77,0
2023-09-13,8.74,2
2023-09-14,8.71,0
2023-09-15,8.69,0
2023-09-16,8.7,0
2023-09-17,8.69,0
2023-09-18,8.66,0
2023-09-19,8.62,0
2023-09-20,8.59,0
2023-09-21,8.57,0
2023-09-22,8.54,0
2023-09-23,8.51,0
2023-09-24,8.48,0
2023-09-25,8.45,0
2023-09-26,8.45,0
2023-09-27,8.41,0
2023-09-28,8.37,0
2023-09-29,8.34,0
2023-09-30,8.31,0
2023-10-01,8.28,0
2023-10-02,8.26,0
2023-10-03,8.23,0
2023-10-04,8.21,0
2023-10-05,8.17,0
2023-10-06,8.14,0
2023-10-07,8.11,0
2023-10-08,8.1,14.5
2023-10-09,8.07,0
2023-10-10,8.04,0
2023-10-11,8.02,0
2023-10-12,8,0
2023-10-13,7.97,0
2023-10-14,7.94,0
2023-10-15,7.91,0
2023-10-16,7.89,3
2023-10-17,7.86,0
2023-10-18,7.88,38
2023-10-19,7.87,2.5
2023-10-20,7.85,2
2023-10-21,7.82,0
2023-10-22,7.81,3
2023-10-23,7.81,12.5
2023-10-24,7.78,0
2023-10-25,7.75,0
2023-10-26,7.73,0
2023-10-27,7.7,0
2023-10-28,7.68,0
2023-10-29,7.65,0
2023-10-30,7.62,0
2023-10-31,7.59,0
2023-11-01,7.55,0
2023-11-02,7.52,2.5
2023-11-03,7.48,0
2023-11-04,7.44,8
2023-11-05,7.41,0
2023-11-06,7.38,12.5
2023-11-07,7.36,0
2023-11-08,7.34,9
2023-11-09,7.31,0
2023-11-10,7.29,0
2023-11-11,7.3,19.5
2023-11-12,7.28,0
2023-11-13,7.26,0
2023-11-14,7.24,0
2023-11-15,7.21,0
2023-11-16,7.18,0
2023-11-17,7.16,17
2023-11-18,7.17,0
2023-11-19,7.14,0
2023-11-20,7.12,0
2023-11-21,7.1,3.5
2023-11-22,7.08,0
2023-11-23,7.06,3
2023-11-24,7.04,0
2023-11-25,7.01,0
2023-11-26,6.99,4
2023-11-27,6.99,2
2023-11-28,6.96,1.5
2023-11-29,6.94,3
2023-11-30,6.92,0
2023-12-01,6.88,0
2023-12-02,6.84,8
2023-12-03,6.85,19.5
2023-12-04,6.9,27
2023-12-05,6.9,0
2023-12-06,6.88,0
2023-12-07,6.91,27
2023-12-08,6.92,2
2023-12-09,6.9,0
2023-12-10,6.89,7.5
2023-12-11,6.88,0
2023-12-12,6.85,3
2023-12-13,6.84,0
2023-12-14,6.79,7
2023-12-15,6.77,6
2023-12-16,6.77,4
2023-12-17,6.8,18
2023-12-18,6.92,2
2023-12-19,6.93,4
2023-12-20,6.93,0
2023-12-21,6.91,2
2023-12-22,6.91,13
2023-12-23,6.89,0
2023-12-24,6.88,0
2023-12-25,6.88,0
2023-12-26,6.88,54
2023-12-27,7.16,15.5
2023-12-28,7.19,3.5
2023-12-29,7.2,0
2023-12-30,7.19,5
2023-12-31,7.18,0
2024-01-01,7.17,55
2024-01-02,7.47,15
2024-01-03,7.87,30
2024-01-04,7.9,18
2024-01-05,8.03,15
2024-01-06,8.03,10
2024-01-07,8.12,12.5
2024-01-08,8.13,8
2024-01-09,8.12,5
2024-01-10,8.14,0
2024-01-11,8.31,27
2024-01-12,8.43,8.5
2024-01-13,8.58,3.5
2024-01-14,8.66,28.5
2024-01-15,8.7,5
2024-01-16,8.74,7
2024-01-17,8.72,5.5
2024-01-18,8.7,4
2024-01-19,8.69,2.5
2024-01-20,8.68,0
2024-01-21,8.67,5
2024-01-22,8.7,0
2024-01-23,8.68,8
2024-01-24,8.68,5
2024-01-25,8.67,0
2024-01-26,8.7,4
2024-01-27,8.68,0
2024-01-28,8.68,0
2024-01-29,8.67,0
2024-01-30,8.65,0
2024-01-31,8.64,14
2024-02-01,8.66,2
2024-02-02,8.64,0
2024-02-03,8.62,4
2024-02-04,8.6,0
2024-02-05,8.87,62.5
2024-02-06,8.96,0
2024-02-07,8.98,5
2024-02-08,9,0
2024-02-09,9.01,40
2024-02-10,9.06,0
2024-02-11,9.1,2
2024-02-12,9.11,8.5
2024-02-13,9.15,2.5
2024-02-14,9.13,0
2024-02-15,9.12,0
2024-02-16,9.12,0
2024-02-17,9.1,0
2024-02-18,9.08,0
2024-02-19,9.06,0
2024-02-20,9.03,0
2024-02-21,9.01,0
2024-02-22,8.99,0
2024-02-23,8.97,0
2024-02-24,8.95,0
2024-02-25,8.93,0
2024-02-26,8.94,2
2024-02-27,8.94,0
2024-02-28,8.93,4
2024-02-29,8.91,0
2024-03-01,8.9,62.5
2024-03-02,8.88,0
2024-03-03,8.86,5
2024-03-04,8.93,0
2024-03-05,8.94,40
2024-03-06,8.95,0
2024-03-07,8.94,2
2024-03-08,8.94,8.5
2024-03-09,8.93,2.5
2024-03-10,8.94,0
2024-03-11,8.92,0
2024-03-12,8.9,0
2024-03-13,8.89,0
2024-03-14,8.87,0
2024-03-15,8.85,0
2024-03-16,8.83,0
2024-03-17,8.8,0
2024-03-18,8.78,0
2024-03-19,8.77,0
2024-03-20,8.77,0
2024-03-21,8.76,0
2024-03-22,8.77,0
2024-03-23,8.76,0
2024-03-24,8.76,0
2024-03-25,8.74,0
2024-03-26,8.72,0
2024-03-27,8.73,13
2024-03-28,8.85,70
2024-03-29,8.91,20
2024-03-30,8.93,4
2024-03-31,9,17
2024-04-01,9.11,10
2024-04-02,9.21,0
2024-04-03,9.21,0
2024-04-04,9.2,0
2024-04-05,9.19,0
2024-04-06,9.17,0
2024-04-07,9.16,19.5
2024-04-08,9.14,0
2024-04-09,9.16,2
2024-04-10,9.16,0
2024-04-11,9.14,0
2024-04-12,9.13,0
2024-04-13,9.1,0
2024-04-14,9.08,0
2024-04-15,9.06,0
2024-04-16,9.04,0
2024-04-17,9.01,0
2024-04-18,9,6
2024-04-19,9.01,0
2024-04-20,9,0
2024-04-21,9.02,8
2024-04-22,9,5.5
2024-04-23,8.99,0
2024-04-24,9,20
2024-04-25,8.99,0
2024-04-26,8.97,0
2024-04-27,8.97,9
2024-04-28,8.99,13
2024-04-29,9,6
2024-04-30,9,0
2024-05-01,8.99,0
2024-05-02,8.98,9.5
2024-05-03,8.99,40
2024-05-04,9.1,15
2024-05-05,9.17,16.5
2024-05-06,9.21,0
2024-05-07,9.22,0
2024-05-08,9.2,17
2024-05-09,9.24,5.5
2024-05-10,9.23,0
2024-05-11,9.23,0
2024-05-12,9.26,35
2024-05-13,9.3,6
2024-05-14,9.31,1
2024-05-15,9.3,0
2024-05-16,9.28,0
2024-05-17,9.28,7.5
2024-05-18,9.26,0
2024-05-19,9.27,23
2024-05-20,9.33,64.5
2024-05-21,9.42,0
2024-05-22,9.41,3.5
2024-05-23,9.4,0
2024-05-24,9.4,0
2024-05-25,9.38,0
2024-05-26,9.50,76
2024-05-27,9.61,21
2024-05-28,10.12,0
2024-05-29,10.15,70
2024-05-30,10.16,4.3
2024-05-31,10.14,0
2024-06-01,9.5,0
2024-06-02,9.61,47
2024-06-03,10.12,6
2024-06-04,10.15,69
2024-06-05,10.16,0
2024-06-06,10.14,4
2024-06-07,10.14,2
2024-06-08,10.18,0
2024-06-09,10.25,0
2024-06-10,10.35,0
2024-06-11,10.45,2
2024-06-12,10.4,0
2024-06-13,10.37,0
2024-06-14,10.35,0
2024-06-15,10.34,9
2024-06-16,10.33,0
2024-06-17,10.32,3
2024-06-18,10.31,0
2024-06-19,10.3,9
2024-06-20,10.29,0
2024-06-21,10.28,2
2024-06-22,10.27,0
2024-06-23,10.26,13
2024-06-24,10.25,3
2024-06-25,10.24,0
2024-06-26,10.2,0
2024-06-27,10.19,0
2024-06-28,10.18,3
2024-06-29,10.41,33
2024-06-30,10.41,16
2024-07-01,10.42,23
2024-07-02,10.39,0
2024-07-03,10.4,16
2024-07-04,10.38,0
2024-07-05,10.37,0
2024-07-06,10.35,0
2024-07-07,10.37,14
2024-07-08,10.46,26.5
2024-07-09,10.42,18.5
2024-07-10,10.4,0
2024-07-11,10.38,0
2024-07-12,10.36,0
2024-07-13,10.35,0
2024-07-14,10.34,0
2024-07-15,10.33,6
2024-07-16,10.33,19
2024-07-17,10.4,2
2024-07-18,10.38,14
2024-07-19,10.36,0
2024-07-20,10.36,0
2024-07-21,10.35,7.5
2024-07-22,10.35,4.5
2024-07-23,10.34,0
2024-07-24,10.32,0
2024-07-25,10.31,0
2024-07-26,10.3,0
2024-07-27,10.29,0
2024-07-28,10.28,0
2024-07-29,10.26,2
2024-07-30,10.24,0
2024-07-31,10.22,0
2024-08-01,10.2,3
2024-08-02,10.19,0
2024-08-03,10.18,16
2024-08-04,10.17,10
2024-08-05,10.16,0
2024-08-06,10.15,5.5
2024-08-07,10.14,32.5
2024-08-08,10.26,11
2024-08-09,10.47,118
2024-08-10,10.55,16
2024-08-11,10.46,3
2024-08-12,10.4,0
2024-08-13,10.35,0
2024-08-14,10.34,21.5
2024-08-15,10.33,62
2024-08-16,10.46,10
2024-08-17,10.42,4
2024-08-18,10.4,10
2024-08-19,10.41,59
2024-08-20,10.44,7.5
2024-08-21,10.4,3
2024-08-22,10.37,12
2024-08-23,10.37,0
2024-08-24,10.36,11
2024-08-25,10.38,34
2024-08-26,10.42,10
2024-08-27,10.41,78
2024-08-28,10.54,2
2024-08-29,10.54,0
2024-08-30,10.44,0
2024-08-31,10.41,0
2024-09-01,10.38,8
2024-09-02,10.36,6
2024-09-03,10.36,0
2024-09-04,10.34,0
2024-09-05,10.32,0
2024-09-06,10.31,4
2024-09-07,10.3,0
2024-09-08,10.29,3
2024-09-09,10.28,0
2024-09-10,10.27,0
2024-09-11,10.25,0
2024-09-12,10.23,0
2024-09-13,10.22,0
2024-09-14,10.2,0
2024-09-15,10.18,0
2024-09-16,10.16,0
2024-09-17,10.14,0
2024-09-18,10.12,0
2024-09-19,10.1,0
2024-09-20,10.08,0
2024-09-21,10.06,0
2024-09-22,10.04,0
2024-09-23,10.02,0
2024-09-24,10.03,10
2024-09-25,10.01,0
2024-09-26,9.99,1.5
2024-09-27,9.99,10
2024-09-28,9.98,0
2024-09-29,9.96,7.5
2024-09-30,10,45
2024-10-01,10.06,2
2024-10-02,10.08,20
2024-10-03,10.09,3
2024-10-04,10.11,9
2024-10-05,10.1,0
2024-10-06,10.1,2
2024-10-07,10.08,0
2024-10-08,10.07,7.5
2024-10-09,10.09,38
2024-10-10,10.1,16
2024-10-11,10.18,0
2024-10-12,10.17,0
2024-10-13,10.16,12
2024-10-14,10.2,9
2024-10-15,10.26,47
2024-10-16,10.28,4.5
2024-10-17,10.29,20
2024-10-18,10.3,2
2024-10-19,10.3,0
2024-10-20,10.3,0
2024-10-21,10.29,3
2024-10-22,10.28,0
2024-10-23,10.27,0
2024-10-24,10.26,0
2024-10-25,10.24,0
2024-10-26,10.22,0
2024-10-27,10.2,0
2024-10-28,10.18,0
2024-10-29,10.17,17
2024-10-30,10.16,4
2024-10-31,10.14,0
2024-11-01,10.13,11
2024-11-02,10.11,0
2024-11-03,10.1,0
2024-11-04,10.27,17.5
2024-11-05,10.31,12
2024-11-06,10.31,2
2024-11-07,10.31,0
2024-11-08,10.31,0
2024-11-09,10.31,2
2024-11-10,10.31,0
2024-11-11,10.31,37
2024-11-12,10.32,0
2024-11-13,10.4,0
2024-11-14,10.38,0
2024-11-15,10.36,0
2024-11-16,10.35,0
2024-11-17,10.34,0
2024-11-18,10.34,0
2024-11-19,10.38,35
2024-11-20,10.41,0
2024-11-21,10.38,0
2024-11-22,10.38,16
2024-11-23,10.38,0
2024-11-24,10.36,15
2024-11-25,10.36,16
2024-11-26,10.34,0
2024-11-27,10.34,3
2024-11-28,10.38,30
2024-11-29,10.44,0
2024-11-30,10.42,31
2024-12-01,10.42,29
2024-12-02,10.42,0
2024-12-03,10.38,0
2024-12-04,10.39,2
2024-12-05,10.37,0
2024-12-06,10.36,0
2024-12-07,10.35,6
2024-12-08,10.33,0
2024-12-09,10.32,0
2024-12-10,10.31,2
2024-12-11,10.3,0
2024-12-12,10.31,32
2024-12-13,10.38,42
2024-12-14,10.4,0
2024-12-15,10.39,28
2024-12-16,10.38,4
2024-12-17,10.36,16
2024-12-18,10.35,2
2024-12-19,10.33,2
2024-12-20,10.32,0
2024-12-21,10.34,7
2024-12-22,10.39,67
2024-12-23,10.37,12.5
2024-12-24,10.39,15
2024-12-25,10.34,3
2024-12-26,10.33,0
2024-12-27,10.26,2
2024-12-28,10.21,0
2024-12-29,10.19,0
2024-12-30,10.18,3.5
2024-12-31,10.16,5
2025-01-01,10.16,13
2025-01-02,10.15,3
2025-01-03,10.15,0
2025-01-04,10.33,17
2025-01-05,10.36,4
2025-01-06,10.36,0
2025-01-07,10.35,1
2025-01-08,10.38,17
2025-01-09,10.38,3
2025-01-10,10.39,3
2025-01-11,10.36,0
2025-01-12,10.36,1.5
2025-01-13,10.45,48
2025-01-14,10.38,5
2025-01-15,10.55,38
2025-01-16,10.43,0
2025-01-17,10.36,0
2025-01-18,10.31,0
2025-01-19,10.28,0
2025-01-20,10.26,18
2025-01-21,10.31,34
2025-01-22,10.34,25
2025-01-23,10.4,17
2025-01-24,10.46,42
2025-01-25,10.45,10
2025-01-26,10.5,17
2025-01-27,10.47,4.5
2025-01-28,10.4,0
2025-01-29,10.36,3
2025-01-30,10.31,6
2025-01-31,10.29,12
2025-02-01,10.24,0
2025-02-02,10.2,0
2025-02-03,10.16,0
2025-02-04,10.14,8
2025-02-05,10.11,0
2025-02-06,10.06,0
2025-02-07,10,0
2025-02-08,10.01,9.5
2025-02-09,10.04,10
2025-02-10,10.05,6
2025-02-11,10.04,0
2025-02-12,10.03,3
2025-02-13,10.02,10
2025-02-14,10.03,2
2025-02-15,10.03,0
2025-02-16,10.09,13.5
2025-02-17,10.1,4
2025-02-18,10.1,0
2025-02-19,10.14,8
2025-02-20,10.14,22
2025-02-21,10.14,5
2025-02-22,10.18,24
2025-02-23,10.16,6
2025-02-24,10.17,0
2025-02-25,10.16,1
2025-02-26,10.19,21
2025-02-27,10.19,0
2025-02-28,10.18,0
2025-03-01,10.18,0
2025-03-02,10.18,8
2025-03-03,10.16,0
2025-03-04,10.16,5
2025-03-05,10.16,8
2025-03-06,10.15,0
2025-03-07,10.4,92
2025-03-08,10.43,6
2025-03-09,10.38,0
2025-03-10,10.36,0
2025-03-11,10.38,24.5
2025-03-12,10.38,2
2025-03-13,10.37,5
2025-03-14,10.36,0
2025-03-15,10.5,53
2025-03-16,10.52,0
2025-03-17,10.46,8
2025-03-18,10.42,0
2025-03-19,10.4,0
2025-03-20,10.41,10
2025-03-21,10.38,4
2025-03-22,10.36,4
2025-03-23,10.43,24
2025-03-24,10.43,28
2025-03-25,10.38,5
2025-03-26,10.36,0
2025-03-27,10.35,0
2025-03-28,10.38,8
2025-03-29,10.4,0
2025-03-30,10.46,52.5
2025-03-31,10.4,5.5
2025-04-01,10.37,0
2025-04-02,10.38,15
2025-04-03,10.34,6
2025-04-04,10.38,33
2025-04-05,10.34,4
2025-04-06,10.42,25
2025-04-07,10.38,0
2025-04-08,10.34,0
2025-04-09,10.32,9
2025-04-10,10.28,0
2025-04-11,10.24,15
2025-04-12,10.33,25.5
2025-04-13,10.3,0
2025-04-14,10.27,2.5
2025-04-15,10.25,2
2025-04-16,10.22,0
2025-04-17,10.19,7
2025-04-18,10.26,38
2025-04-19,10.37,2
2025-04-20,10.34,0
2025-04-21,10.36,8
2025-04-22,10.34,0
2025-04-23,10.3,0
2025-04-24,10.26,17
2025-04-25,10.29,2
2025-04-26,10.26,0
2025-04-27,10.24,12
2025-04-28,10.22,0
2025-04-29,10.21,9.5
2025-04-30,10.28,2
2025-05-01,10.26,12
2025-05-02,10.24,0
2025-05-03,10.22,0
2025-05-04,10.18,0
2025-05-05,10.15,22
2025-05-06,10.12,0
2025-05-07,10.08,0
2025-05-08,10.06,0
2025-05-09,10.04,18
2025-05-10,10.02,0
2025-05-11,10.01,7
2025-05-12,10.08,20
2025-05-13,10.14,3
2025-05-14,10.26,48
2025-05-15,10.49,0
2025-05-16,10.42,0
2025-05-17,10.42,14
2025-05-18,10.479,75
2025-05-19,10.54,0
2025-05-20,10.44,8
2025-05-21,10.41,2
2025-05-22,10.38,0
2025-05-23,10.38,7
2025-05-24,10.38,0
2025-05-25,10.38,0
2025-05-26,10.35,0
2025-05-27,10.35,76
2025-05-28,10.53,9
2025-05-29,10.43,0
2025-05-30,10.42,0
2025-05-31,10.42,0
2025-06-01,10.42,36
2025-06-02,10.5,8
2025-06-03,10.44,2
2025-06-04,10.4,0
2025-06-05,10.38,2
2025-06-06,10.38,0
2025-06-07,10.37,3
2025-06-08,10.36,0
2025-06-09,10.36,0
2025-06-10,10.35,0
2025-06-11,10.34,5
2025-06-12,10.32,2
2025-06-13,10.31,0
2025-06-14,10.3,10
2025-06-15,10.28,0
2025-06-16,10.28,0
2025-06-17,10.26,8
2025-06-18,10.26,0
2025-06-19,10.26,61.5
2025-06-20,10.24,2
2025-06-21,10.41,0
2025-06-22,10.39,9
2025-06-23,10.45,0
2025-06-24,10.42,0
2025-06-25,10.38,0
2025-06-26,10.36,0
2025-06-27,10.34,0
2025-06-28,10.33,0
2025-06-29,10.32,8
2025-06-30,10.38,3
2025-07-01,10.38,0
2025-07-02,10.38,8
2025-07-03,10.36,0
2025-07-04,10.34,12
2025-07-05,10.32,2
2025-07-06,10.31,0
2025-07-07,10.38,47
2025-07-08,10.4,0
2025-07-09,10.38,0
2025-07-10,10.36,0
2025-07-11,10.34,0
2025-07-12,10.34,22
2025-07-13,10.3,0
2025-07-14,10.38,0
2025-07-15,10.36,37
2025-07-16,10.47,9
2025-07-17,10.4,18
2025-07-18,10.39,8
2025-07-19,10.35,0
2025-07-20,10.31,0
2025-07-21,10.28,0
2025-07-22,10.24,0
2025-07-23,10.2,0
2025-07-24,10.17,0
2025-07-25,10.14,0
2025-07-26,10.13,0
2025-07-27,10.11,0
2025-07-28,10.09,0
2025-07-29,10.08,0
2025-07-30,10.06,0
2025-07-31,10.04,0
2025-08-01,10.01,0
2025-08-02,10,6
2025-08-03,9.99,4
2025-08-04,10,12
2025-08-05,9.99,3
2025-08-06,9.99,28
2025-08-07,9.97,2
2025-08-08,9.97,2
2025-08-09,9.96,0
2025-08-10,9.95,6
2025-08-11,9.94,0
2025-08-12,9.92,4
2025-08-13,9.93,43
2025-08-14,9.92,0
2025-08-15,9.9,0
2025-08-16,9.88,4
2025-08-17,9.88,2
2025-08-18,9.88,0
2025-08-19,9.87,2
2025-08-20,9.9,40
2025-08-21,9.93,2
2025-08-22,9.92,0
2025-08-23,9.92,2
2025-08-24,9.9,5
2025-08-25,9.9,0
2025-08-26,9.89,0
2025-08-27,9.88,0
2025-08-28,9.87,7
2025-08-29,9.86,0
2025-08-30,9.85,0
2025-08-31,9.86,27
2025-09-01,9.88,0
2025-09-02,9.86,0
2025-09-03,9.85,0
2025-09-04,9.83,0
2025-09-05,9.82,4
2025-09-06,9.8,5
2025-09-07,9.79,11
2025-09-08,9.77,0
2025-09-09,9.75,10
2025-09-10,9.76,6
2025-09-11,9.74,0
2025-09-12,9.73,13
2025-09-13,9.8,65
2025-09-14,9.87,0
2025-09-15,9.87,3
2025-09-16,9.86,0
2025-09-17,9.85,0
2025-09-18,9.87,13
2025-09-19,9.87,0
2025-09-20,9.86,3
2025-09-21,9.85,0
2025-09-22,9.84,0
2025-09-23,9.82,0
2025-09-24,9.8,0
2025-09-25,9.78,0
2025-09-26,9.76,0
2025-09-27,9.75,0
2025-09-28,9.72,1.5
2025-09-29,9.7,0
2025-09-30,9.76,8
2025-10-01,9.75,2
2025-10-02,9.73,0
2025-10-03,9.71,0
2025-10-04,9.76,11
2025-10-05,9.81,9
2025-10-06,9.8,11.5
2025-10-07,9.8,2
2025-10-08,9.8,0
2025-10-09,9.77,0
2025-10-10,9.76,14
2025-10-11,9.75,0
2025-10-12,9.73,0
2025-10-13,9.71,0
2025-10-14,9.7,9
2025-10-15,9.69,0
2025-10-16,9.67,0
2025-10-17,9.66,0
2025-10-18,9.64,0
2025-10-19,9.62,7
2025-10-20,9.61,3
2025-10-21,9.6,17
2025-10-22,9.58,4.5
2025-10-23,9.56,5
2025-10-24,9.54,11.5
2025-10-25,9.56,4
2025-10-26,9.56,12
2025-10-27,9.56,2
2025-10-28,9.64,19
2025-10-29,9.82,42
2025-10-30,9.84,2
2025-10-31,10.22,122
2025-11-01,10.44,0
2025-11-02,10.41,0
2025-11-03,10.4,0
2025-11-04,10.38,0
2025-11-05,10.36,12.5
2025-11-06,10.35,0
2025-11-07,10.34,0
2025-11-08,10.33,8.5
2025-11-09,10.32,0
2025-11-10,10.3,0
2025-11-11,10.29,29
2025-11-12,10.28,4
2025-11-13,10.37,40
2025-11-14,10.45,0
2025-11-15,10.38,4.5
2025-11-16,10.38,0
2025-11-17,10.38,15.5
2025-11-18,10.43,23.5
2025-11-19,10.43,8
2025-11-20,10.38,0
2025-11-21,10.34,6
2025-11-22,10.31,0
2025-11-23,10.28,20
2025-11-24,10.26,3
2025-11-25,10.26,18.5
2025-11-26,10.22,0
2025-11-27,10.19,0
2025-11-28,10.14,24.5
2025-11-29,10.12,63.5
2025-11-30,10.12,0
2025-12-01,10.17,0
2025-12-02,10.14,0
2025-12-03,10.1,0
2025-12-04,10.12,9
2025-12-05,10.11,0
2025-12-06,10.08,2.5
2025-12-07,10.05,0
2025-12-08,10.01,1.5
2025-12-09,10,0
2025-12-10,9.98,0
2025-12-11,9.99,10
2025-12-12,9.98,2
2025-12-13,9.97,11.5
2025-12-14,10.14,2
2025-12-15,10.42,20.5
2025-12-16,10.42,4.5
2025-12-17,10.38,0
2025-12-18,10.33,0
2025-12-19,10.38,57.5
2025-12-20,10.41,38
2025-12-21,10.42,4
2025-12-22,10.37,0
2025-12-23,10.32,3.5
2025-12-24,10.28,0
2025-12-25,10.23,0
2025-12-26,10.18,0
2025-12-27,10.62,97
2025-12-28,10.51,15
2025-12-29,10.42,0
2025-12-30,10.44,5.5
2025-12-31,10.41,0
2026-01-01,10.38,9
2026-01-02,10.36,2.5
2026-01-03,10.42,35.5
2026-01-04,10.43,0
2026-01-05,10.4,0
2026-01-06,10.38,3.5
2026-01-07,10.36,0
2026-01-08,10.66,74
2026-01-09,10.5,8
2026-01-10,10.48,0
2026-01-11,10.45,13
2026-01-12,10.43,0
2026-01-13,10.4,4
2026-01-14,10.38,5
2026-01-15,10.35,0
2026-01-16,10.32,0
2026-01-17,10.3,0
2026-01-18,10.28,0
2026-01-19,10.25,0
2026-01-20,10.35,40
2026-01-21,10.36,0
2026-01-22,10.34,0
2026-01-23,10.31,0
2026-01-24,10.29,0
2026-01-25,10.26,0
2026-01-26,10.23,0
2026-01-27,10.24,11
2026-01-28,10.23,3
2026-01-29,10.24,2
2026-01-30,10.24,9
2026-01-31,10.22,6
2026-02-01,10.2,0
2026-02-02,10.18,19
2026-02-03,10.17,0
2026-02-04,10.16,15.5
2026-02-05,10.32,0
2026-02-06,10.38,17.5
2026-02-07,10.47,0
2026-02-08,10.52,0
2026-02-09,10.44,26
2026-02-10,10.41,3.5
2026-02-11,10.39,0
2026-02-12,10.36,2.5
2026-02-13,10.34,5
2026-02-14,10.32,4.5
2026-02-15,10.29,0
2026-02-16,10.27,21.5
2026-02-17,10.27,9
2026-02-18,10.28,2
2026-02-19,10.26,5
2026-02-20,10.24,0
2026-02-21,10.37,38
2026-02-22,10.48,5
2026-02-23,10.42,13
2026-02-24,10.39,7
2026-02-25,10.36,13
2026-02-26,10.34,0
2026-02-27,10.34,9
2026-02-28,10.32,8
2026-03-01,10.3,0
2026-03-02,10.28,0
2026-03-03,10.24,8
2026-03-04,10.24,7
2026-03-05,10.22,0
2026-03-06,10.19,0
2026-03-07,10.25,25.5
2026-03-08,10.28,5
2026-03-09,10.39,25
2026-03-10,10.48,55
2026-03-11,10.49,4.5
2026-03-12,10.45,4
2026-03-13,10.42,5.5
2026-03-14,10.38,0
2026-03-15,10.36,0
2026-03-16,10.42,67
2026-03-17,10.4,5
2026-03-18,10.37,0
2026-03-19,10.34,0
2026-03-20,10.31,4
2026-03-21,10.29,2.5
2026-03-22,10.26,0
2026-03-23,10.29,55
2026-03-24,10.32,4.5
2026-03-25,10.32,16.5
2026-03-26,10.32,0
2026-03-27,10.31,0
2026-03-28,10.29,0
2026-03-29,10.28,18
2026-03-30,10.28,0
2026-03-31,10.26,5.5
2026-04-01,10.24,0
2026-04-02,10.24,0
2026-04-03,10.26,23
2026-04-04,10.29,3.5
2026-04-05,10.28,0
2026-04-06,10.26,0
2026-04-07,10.25,8
2026-04-08,10.24,24
2026-04-09,10.3,4
2026-04-10,10.34,10.5
2026-04-11,10.36,4.5
2026-04-12,10.36,0
2026-04-13,10.34,0
2026-04-14,10.33,0
2026-04-15,10.34,47
2026-04-16,10.34,1.5
2026-04-17,10.33,0
2026-04-18,10.32,0
2026-04-19,10.32,0
2026-04-20,10.32,6.5
2026-04-21,10.3,0
2026-04-22,10.3,7.5
2026-04-23,10.34,0
2026-04-24,10.33,0
2026-04-25,10.32,0
2026-04-26,10.3,0
2026-04-27,10.28,0
2026-04-28,10.27,2.5
2026-04-29,10.26,0
2026-04-30,10.24,0
2026-05-01,10.22,0
2026-05-02,10.22,0
2026-05-03,10.2,0
2026-05-04,10.21,5
2026-05-05,10.2,2.5
2026-05-06,10.19,2
2026-05-07,10.18,0
2026-05-08,10.17,0
2026-05-09,10.16,0
2026-05-10,10.16,4
2026-05-11,10.14,0
2026-05-12,10.12,0
2026-05-13,10.1,0
2026-05-14,10.08,0
2026-05-15,10.08,8
2026-05-16,10.1,0
2026-05-17,10.09,9.5
2026-05-18,10.08,4
2026-05-19,10.07,3
2026-05-20,10.1,28.5
2026-05-21,10.11,0
2026-05-22,10.1,0
2026-05-23,10.09,5
2026-05-24,10.08,12
2026-05-25,10.06,0
2026-05-26,10.04,19
2026-05-27,10.03,0
2026-05-28,10.01,0
2026-05-29,10,52.5
2026-05-30,10.11,8.5
2026-05-31,10.1,10
2026-06-01,10.11,2
2026-06-02,10.1,0
2026-06-03,10.08,0
2026-06-04,10.06,0
2026-06-05,10.06,3.5
2026-06-06,10.04,0
2026-06-07,10.02,6
2026-06-08,10,0
2026-06-09,10.12,80
2026-06-10,10.26,3.5
2026-06-11,10.3,16
2026-06-12,10.34,34
2026-06-13,10.36,4
2026-06-14,10.37,2.5
2026-06-15,10.37,8.5
2026-06-16,10.37,5.5
2026-06-17,10.39,8
2026-06-18,10.37,0
2026-06-19,10.36,13
2026-06-20,10.35,0
2026-06-21,10.33,5
2026-06-22,10.32,0
2026-06-23,10.3,0
2026-06-24,10.28,0
2026-06-25,10.26,0
2026-06-26,10.25,0
2026-06-27,10.24,0
2026-06-28,10.21,0
2026-06-29,10.19,0
2026-06-30,10.17,10
